kanji,furigana,meaning,tags,guid,romaji
ああ,ああ,"Ah!, Oh!",JLPT JLPT_4 JLPT_5 JLPT_N5,HI-.Ij?HS~,aa
会う,あう,"to meet, to see",JLPT JLPT_3 JLPT_5 JLPT_N5,kupB!kWE}<,au
青,あお,blue,JLPT JLPT_5 JLPT_N5,HB)I{+$j.i,ao
青い,あおい,blue,Genki Genki_Ln.9 JLPT JLPT_5 JLPT_N5,q(A)lc.Kr8,aoi
赤,あか,red,JLPT JLPT_5 JLPT_N5,y!Fn9IOz@J,aka
赤い,あかい,red,Genki Genki_Ln.9 Intermediate_Japanese Intermediate_Japanese_Ln.12 JLPT JLPT_5 JLPT_N5,D`aKGX2j!#,akai
明るい,あかるい,bright (in reference to personality or weather); cheerful,Genki Genki_Ln.18 Intermediate_Japanese Intermediate_Japanese_Ln.11 JLPT JLPT_5 JLPT_N5,m>)z8|k.>J,akarui
秋,あき,fall (season),Genki Genki_Ln.10 Intermediate_Japanese Intermediate_Japanese_Ln.4 JLPT JLPT_3 JLPT_5 JLPT_N5,H~$iS3{X?*,aki
開く,あく,"to open, to become open",JLPT JLPT_3 JLPT_5 JLPT_N5,m[4![DH*c~,aku
開ける,あける,to open (v.t.),Intermediate_Japanese Intermediate_Japanese_Ln.12 JLPT JLPT_3 JLPT_5 JLPT_N5,y.#AVx@-k>,akeru
上げる,あげる,"to raise, to lift",JLPT JLPT_3 JLPT_5 JLPT_N5,Hp0]9?Ae.w,ageru
朝,あさ,morning,Genki Genki_Ln.3 Intermediate_Japanese Intermediate_Japanese_Ln.2 JLPT JLPT_5 JLPT_N5,g|Q>VbnCii,asa
朝御飯,あさごはん,breakfast,Genki Genki_Ln.3 JLPT JLPT_5 JLPT_N5,wWUR=G6*(U,asagohan
明後日,あさって,day after tomorrow,JLPT JLPT_5 JLPT_N5,mF[0Aq7|V7,asatte
足; 脚,あし,foot; leg,JLPT JLPT_5 JLPT_N5,m.INsC.wC2,ashi
明日,あした,tomorrow,Genki Genki_Ln.3 Intermediate_Japanese Intermediate_Japanese_Ln.7 JLPT JLPT_3 JLPT_5 JLPT_N5,xZI7N3AauN,ashita
あそこ,あそこ,"there, over there, that place",Genki Genki_Ln.2 JLPT JLPT_5 JLPT_N5,P>AI.lx+Jq,asoko
遊ぶ,あそぶ,to play; to spend time pleasantly; to hang out,Genki Genki_Ln.6 Intermediate_Japanese Intermediate_Japanese_Ln.1 JLPT JLPT_5 JLPT_N5,e<h|f2`;&,asobu
暖かい,あたたかい,warm,JLPT_N5,tk[pUMy0{i,atatakai
頭,あたま,head,Intermediate_Japanese Intermediate_Japanese_Ln.2 JLPT JLPT_5 JLPT_N5,DaKiPvzaex,atama
新しい,あたらしい,new,Genki Genki_Ln.5 JLPT JLPT_5 JLPT_N5,h)6JB@Q5Rj,atarashii
あちら,あちら,this way (polite),Genki Genki_Ln.20 JLPT JLPT_5 JLPT_N5,h{rLO32/d4,achira
暑い,あつい,"hot (in reference to weather), warm",Genki Genki_Ln.5 Intermediate_Japanese Intermediate_Japanese_Ln.4 JLPT JLPT_5 JLPT_N5,"gSl8i,<}^I",atsui
熱い,あつい,hot (objects),Genki Genki_Ln.5 JLPT JLPT_5 JLPT_N5,Gy7fB=0YXx,atsui
厚い,あつい,"kind, warm(hearted), thick, deep",JLPT JLPT_5 JLPT_N5,v[2GvOysf?,atsui
あっち,あっち,over there,JLPT JLPT_5 JLPT_N5,Pv=fA$Z6K5,atchi
後,あと,afterwards (later); in the future; the rest; since then,Genki Genki_Ln.18 JLPT JLPT_2 JLPT_3 JLPT_5 JLPT_N5,"r-[yF55!,-",ato
あなた,あなた,you,Genki Genki_Ln.4 JLPT JLPT_5 JLPT_N5,"dwd.i?n%,!",anata
兄,あに,(my) older brother (humble),Genki Genki_Ln.14 JLPT JLPT_5 JLPT_N5,L}%Kue=51s,ani
姉,あね,(my) older sister (humble),Genki Genki_Ln.7 JLPT JLPT_5 JLPT_N5,IX6p9}CO.e,ane
アパート,アパート,apartment (abbr.),Genki Genki_Ln.7 JLPT JLPT_5 JLPT_N5,wZ/2ki)d+f,apaato
あの,あの,"that over there; like that, that way; um...",JLPT JLPT_4 JLPT_5 JLPT_N5,B2LX%goFyX,ano
浴びる,あびる,"to bathe, to shower",JLPT JLPT_3 JLPT_5 JLPT_N5,b2.2F3UI=#,abiru
危ない,あぶない,"dangerous, critical",Intermediate_Japanese Intermediate_Japanese_Ln.15 JLPT JLPT_5 JLPT_N5,kjgRC;INvI,abunai
甘い,あまい,"generous, sweet",Genki Genki_Ln.12 JLPT JLPT_5 JLPT_N5,jcM!HlCL`<,amai
余り,あまり,not very; surplus,JLPT JLPT_3 JLPT_5 JLPT_N5,"l$B(J(k,y1",amari
雨,あめ,rain,Genki Genki_Ln.8 JLPT JLPT_5 JLPT_N5,PaXlv})<8_,ame
飴,あめ,(hard) candy,JLPT JLPT_5 JLPT_N5,v}dp1l^X:W,ame
洗う,あらう,to wash,Genki Genki_Ln.8 Intermediate_Japanese Intermediate_Japanese_Ln.10 JLPT JLPT_5 JLPT_N5,H=[cc$xhzR,arau
在る,ある,"to be, to have",JLPT JLPT_3 JLPT_5 JLPT_N5,w$Yz{uB@-`,aru
有る,ある,"to be, to have",JLPT JLPT_3 JLPT_5 JLPT_N5,v`6i&kQMJj,aru
歩く,あるく,to walk,Genki Genki_Ln.20 Intermediate_Japanese Intermediate_Japanese_Ln.1 JLPT JLPT_5 JLPT_N5,"Kkagn,fSTU",aruku
あれ,あれ,that one (over there),Genki Genki_Ln.2 JLPT JLPT_5 JLPT_N5,Co(PaI(^/_,are
良い,いい; よい,good,JLPT JLPT_5 JLPT_N5,O(#?WJE%7H,ii; yoi
いいえ,いいえ,"no, not at all",JLPT JLPT_5 JLPT_N5,"iO`r],Af`o",iie
言う,いう,to say,Genki Genki_Ln.8 JLPT JLPT_5 JLPT_N5,iurNhMLEpv,iu
家,いえ,"house, home",Genki Genki_Ln.3 JLPT JLPT_2 JLPT_3 JLPT_5 JLPT_N5,QGc`#y1e97,ie
いかが,いかが,"how, in what way",JLPT JLPT_5 JLPT_N5,r5L~xW!JP9,ikaga
行く,いく; ゆく,to go,JLPT JLPT_5 JLPT_N5,kJnXhXxW0),iku; yuku
いくつ,いくつ,"how many, how old",JLPT JLPT_3 JLPT_5 JLPT_N5,mxf9)ZwbLi,ikutsu
いくら,いくら,"how much, how many",Genki Genki_Ln.2 JLPT JLPT_3 JLPT_5 JLPT_N5,G7]VF2LkZL,ikura
池,いけ,pond,JLPT JLPT_5 JLPT_N5,"u8]?l[G,7&",ike
医者,いしゃ,doctor; physician,Genki Genki_Ln.1 Genki_Ln.10 Intermediate_Japanese Intermediate_Japanese_Ln.12 JLPT JLPT_5 JLPT_N5,"f&|8.,xzY9",isha
椅子,いす,chair,JLPT JLPT_3 JLPT_5 JLPT_N5,Nxw^e{dZp(,isu
忙しい,いそがしい,"busy (people, days)",Genki Genki_Ln.5 JLPT JLPT_5 JLPT_N5,pTORshR]m|,isogashii
痛い,いたい,hurt; painful; sore,Genki Genki_Ln.12 Intermediate_Japanese Intermediate_Japanese_Ln.5 JLPT JLPT_5 JLPT_N5,O@@jk^&oQ8,itai
一,いち,one,JLPT JLPT_3 JLPT_5 JLPT_N5,C57gy_Lcmo,ichi
一日 (duration),いちにち,one day (duration),Genki Genki_Ln.13 JLPT JLPT_5 JLPT_N5,Q/Fb^F]yhk,ichinichi
一番,いちばん,"best (most), first, number one",Genki Genki_Ln.10 Intermediate_Japanese Intermediate_Japanese_Ln.3 JLPT JLPT_3 JLPT_5 JLPT_N5,y&ds7j((mb,ichiban
いつ,いつ,when,Genki Genki_Ln.3 JLPT JLPT_2 JLPT_5 JLPT_N5,oGX1~x%YQo,itsu
五日,いつか,five days; fifth day of the month,Genki Genki_Ln.13 JLPT JLPT_3 JLPT_5 JLPT_N5,iii]i;bYjg,itsuka
一緒,いっしょ,together,Intermediate_Japanese Intermediate_Japanese_Ln.7 JLPT JLPT_5 JLPT_N5,D>uK5dFJy^,issho
五つ,いつつ,five things,Genki Genki_Ln.9 JLPT JLPT_5 JLPT_N5,Q!*H:Q_rHO,itsutsu
いつも,いつも,"always, usually, every time, never (with neg. verb)",Genki Genki_Ln.12 JLPT JLPT_3 JLPT_5 JLPT_N5,BM|Xrf53.p,itsumo
犬,いぬ,dog,Genki Genki_Ln.4 JLPT JLPT_5 JLPT_N5,"ktH(<>,fX+",inu
今,いま,now,Genki Genki_Ln.1 JLPT JLPT_3 JLPT_5 JLPT_N5,N{Ld-iFO]H,ima
意味,いみ,"meaning, significance",Genki Genki_Ln.12 Intermediate_Japanese Intermediate_Japanese_Ln.2 JLPT JLPT_5 JLPT_N5,xQ(-U#d9Tp,imi
妹,いもうと,younger sister (humble),Genki Genki_Ln.1 Genki_Ln.7 JLPT JLPT_5 JLPT_N5,BL_XI^txw+,imouto
嫌,いや,"disagreeable, detestable, unpleasant",JLPT JLPT_3 JLPT_5 JLPT_N5,pj6@51cCNZ,iya
入口,いりぐち,entrance,JLPT JLPT_5 JLPT_N5,"E5~,8$6,oj",iriguchi
居る,いる,"(humble) to be (animate), to exist",JLPT JLPT_5 JLPT_N5,wfzvV]4NOO,iru
要る,いる,to need,JLPT JLPT_5 JLPT_N5,j|TF$iBC;9,iru
入れる,いれる,to put in,JLPT JLPT_5 JLPT_N5,swmy/(v]Eb,ireru
色,いろ,color,Genki Genki_Ln.9 Intermediate_Japanese Intermediate_Japanese_Ln.9 JLPT JLPT_5 JLPT_N5,"Epa;v6=%P,",iro
色々,いろいろ,various,JLPT JLPT_5 JLPT_N5,jV7cB[WgxE,iroiro
上,うえ,"above (up, top, etc.), over, on top of",JLPT JLPT_2 JLPT_5 JLPT_N5,"j3j@,T!uH>",ue
後ろ,うしろ,"back, behind, rear",JLPT JLPT_3 JLPT_5 JLPT_N5,s:DnwS1iNM,ushiro
薄い,うすい,"thin, weak",JLPT JLPT_3 JLPT_5 JLPT_N5,pRrb<$bzH|,usui
歌,うた,a song,Genki Genki_Ln.7 JLPT JLPT_5 JLPT_N5,JJN9**Hn8A,uta
歌う,うたう,to sing,Genki Genki_Ln.7 Intermediate_Japanese Intermediate_Japanese_Ln.7 JLPT JLPT_5 JLPT_N5,AN4yH;7MHR,utau
うち,うち,home; house; my place,Genki Genki_Ln.3 JLPT JLPT_3 JLPT_5 JLPT_N5,u5l2?%hKEd,uchi
生まれる,うまれる,to be born,JLPT JLPT_3 JLPT_5 JLPT_N5,i{d6CiQ#iK,umareru
海,うみ,"sea, beach",Genki Genki_Ln.5 JLPT JLPT_5 JLPT_N5,Cla&e~|Y6P,umi
売る,うる,to sell (v.t.),Genki Genki_Ln.15 Intermediate_Japanese Intermediate_Japanese_Ln.6 JLPT JLPT_3 JLPT_5 JLPT_N5,nqk=gYOr|$,uru
うるさい,うるさい,noisy; annoying,Genki Genki_Ln.22 JLPT JLPT_3 JLPT_5 JLPT_N5,fsH/V)BWD4,urusai
上着,うわぎ,"coat, jacket",JLPT JLPT_5 JLPT_N5,nv?u]<OhhN,uwagi
絵,え,a painting; a picture; a drawing,Genki Genki_Ln.15 JLPT JLPT_3 JLPT_5 JLPT_N5,E6H3mWmPF1,e
映画,えいが,"movie, film",Genki Genki_Ln.3 Intermediate_Japanese Intermediate_Japanese_Ln.7 JLPT JLPT_5 JLPT_N5,Q842_8x`<%,eiga
映画館,えいがかん,"movie theater, cinema",Genki Genki_Ln.15 JLPT JLPT_5 JLPT_N5,tKa%gU>tYk,eigakan
英語,えいご,English (language),Genki Genki_Ln.1 JLPT JLPT_5 JLPT_N5,l~kTfp|Na~,eigo
ええ,ええ,yes,Genki Genki_Ln.1 JLPT JLPT_5 JLPT_N5,K4f;DsCIdC,ee
駅,えき,station,Genki Genki_Ln.10 JLPT JLPT_5 JLPT_N5,EP[wTa2Y![,eki
エレベーター,エレベーター,elevator,JLPT JLPT_2 JLPT_5 JLPT_N5,GomZ-xrho6,erebeetaa
～円,～えん,Yen,JLPT JLPT_5 JLPT_N5,"rY,[_6)@&p",~en
鉛筆,えんぴつ,pencil,Genki Genki_Ln.2 JLPT JLPT_5 JLPT_N5,ArKUTnLoi2,enpitsu
お～,お～,honorable ~ (honorific),JLPT JLPT_5 JLPT_N5,Q1z/@I6[X=,o~
美味しい,おいしい,"delicious, tasty",JLPT JLPT_5 JLPT_N5,f%Oz)hC{aH,oishii
多い,おおい,many; there are a lot,Intermediate_Japanese Intermediate_Japanese_Ln.1 JLPT JLPT_5 JLPT_N5,CS_ZJ+i5[),ooi
大きい,おおきい,"big, large",Genki Genki_Ln.5 JLPT JLPT_5 JLPT_N5,N*s[nF-<Om,ookii
大きな,おおきな,big,JLPT JLPT_5 JLPT_N5,"C@,$F5(H&S",ookina
大勢,おおぜい,great number of people,JLPT JLPT_5 JLPT_N5,d_f[=H{F{<,oozei
お母さん,おかあさん,mother (formal),Genki Genki_Ln.1 Genki_Ln.2 JLPT JLPT_5 JLPT_N5,JmU7?0Aw7),okaasan
お菓子,おかし,"confections, sweets, snack",Genki Genki_Ln.11 JLPT JLPT_5 JLPT_N5,iY2$$8!fW<,okashi
お金,おかね,money,Genki Genki_Ln.6 JLPT JLPT_5 JLPT_N5,uh%`nh}D?M,okane
起きる,おきる,"to get up (e.g., from sleeping); to happen",Genki Genki_Ln.3 Intermediate_Japanese Intermediate_Japanese_Ln.12 JLPT JLPT_3 JLPT_5 JLPT_N5,i~#f<a525w,okiru
置く,おく,to put; to lay; to place,Genki Genki_Ln.21 JLPT JLPT_3 JLPT_5 JLPT_N5,"KTJ,/<Sfw7",oku
奥さん,おくさん,(someone else's) wife (hon.),Genki Genki_Ln.14 Intermediate_Japanese Intermediate_Japanese_Ln.9 JLPT JLPT_5 JLPT_N5,raj<Z6u7R],okusan
お酒,おさけ,sake; alcohol,Genki Genki_Ln.3 JLPT JLPT_5 JLPT_N5,BPnYG]G`g3,osake
お皿,おさら,"plate, dish",JLPT JLPT_5 JLPT_N5,"lNBs!SV,D!",osara
伯父; 叔父さん,おじさん,"uncle, middle-aged man",JLPT JLPT_5 JLPT_N5,s$4&3o9W|{,ojisan
おじいさん,おじいさん,"grandfather, male senior citizen",Genki Genki_Ln.13 JLPT JLPT_3 JLPT_5 JLPT_N5,OnBGSorIYO,ojiisan
教える,おしえる,"to teach, to inform, to instruct",Intermediate_Japanese Intermediate_Japanese_Ln.1 JLPT JLPT_5 JLPT_N5,&(rx8HabP,oshieru
押す,おす,"to push, to press, to stamp (e.g., a passport)",Genki Genki_Ln.18 JLPT JLPT_5 JLPT_N5,O7S.k1^4+9,osu
遅い,おそい,slow; (to be) late,Genki Genki_Ln.10 Intermediate_Japanese Intermediate_Japanese_Ln.11 JLPT JLPT_5 JLPT_N5,e`TVG4aTiS,osoi
お茶,おちゃ,(green) tea,Genki Genki_Ln.3 Intermediate_Japanese Intermediate_Japanese_Ln.6 JLPT JLPT_5 JLPT_N5,"o|6tDcd,cL",ocha
お手洗い,おてあらい,"toilet, restroom, bathroom (lit., a place to wash one's hands)",Genki Genki_Ln.2 Intermediate_Japanese Intermediate_Japanese_Ln.13 JLPT JLPT_5 JLPT_N5,jX+//z~!X8,otearai
お父さん,おとうさん,father (formal),Genki Genki_Ln.1 Genki_Ln.2 JLPT JLPT_5 JLPT_N5,Kh?V(6)C|2,otousan
弟,おとうと,younger brother,Genki Genki_Ln.1 Genki_Ln.7 JLPT JLPT_5 JLPT_N5,"ht,o]F,GkV",otouto
男,おとこ,"man, male",Genki Genki_Ln.17 JLPT JLPT_5 JLPT_N5,QC9-<k]D|G,otoko
男の子,おとこのこ,boy,Genki Genki_Ln.11 JLPT JLPT_5 JLPT_N5,mDCUq=3c&Y,otokonoko
一昨日,おととい,the day before yesterday,Genki Genki_Ln.19 JLPT JLPT_5 JLPT_N5,n^WNNS^t5D,ototoi
おととし,おととし,year before last,JLPT JLPT_5 JLPT_N5,"i$lVvl^Y,~",ototoshi
大人,おとな,adult,Genki Genki_Ln.13 JLPT JLPT_5 JLPT_N5,F~j9Wag0^x,otona
お腹,おなか,stomach,JLPT JLPT_3 JLPT_5 JLPT_N5,GVf+XC=Lx4,onaka
同じ,おなじ,"same, identical",Genki Genki_Ln.14 Intermediate_Japanese Intermediate_Japanese_Ln.1 JLPT JLPT_5 JLPT_N5,FT1U+`d~$u,onaji
お兄さん,おにいさん,(someone else's) older brother (formal),Genki Genki_Ln.1 Genki_Ln.7 Intermediate_Japanese Intermediate_Japanese_Ln.4 JLPT JLPT_5 JLPT_N5,c-e]c9shpL,oniisan
お姉さん,おねえさん,older sister (formal),Genki Genki_Ln.1 Genki_Ln.7 JLPT JLPT_5 JLPT_N5,"Q,2s6~F,9F",oneesan
伯母さん; 叔母さん,おばさん,aunt,JLPT JLPT_5 JLPT_N5,fk]_fvvw.h,obasan
おばあさん,おばあさん,"grandmother, female senior-citizen",Genki Genki_Ln.6 JLPT JLPT_5 JLPT_N5,K7L64Zdx7D,obaasan
お風呂,おふろ,a bath,JLPT_N5,btJ^oH!>Ob,ofuro
お弁当,おべんとう,a boxed lunch,Genki Genki_Ln.9 JLPT JLPT_5 JLPT_N5,ou=Mxez95b,obentou
覚える,おぼえる,"to learn, to commit to memory, to remember, to memorize",Intermediate_Japanese Intermediate_Japanese_Ln.2 JLPT JLPT_5 JLPT_N5,k*NiP6Je8n,oboeru
おまわりさん,おまわりさん,policeman (friendly term),JLPT JLPT_5 JLPT_N5,kI/erxg?st,omawarisan
重い,おもい,heavy; serious,Genki Genki_Ln.20 JLPT JLPT_3 JLPT_5 JLPT_N5,n(}tZ@Uv29,omoi
面白い,おもしろい,"interesting, amusing",Genki Genki_Ln.5 Intermediate_Japanese Intermediate_Japanese_Ln.4 JLPT JLPT_5 JLPT_N5,"J&$%9x,#?>",omoshiroi
泳ぐ,およぐ,to swim,Genki Genki_Ln.5 JLPT JLPT_5 JLPT_N5,bxmTHH/R3s,oyogu
降りる,おりる,to get off,JLPT JLPT_3 JLPT_5 JLPT_N5,hM4FhZWg_/,oriru
終る,おわる,"to finish, to close",JLPT JLPT_5 JLPT_N5,D_J6!H@vf*,owaru
音楽,おんがく,Music,Genki Genki_Ln.3 Intermediate_Japanese Intermediate_Japanese_Ln.3 JLPT JLPT_5 JLPT_N5,fcOO[?V993,ongaku
女,おんな,"woman, female",Genki Genki_Ln.17 JLPT JLPT_5 JLPT_N5,d3!7^Z7+&i,onna
女の子,おんなのこ,girl,Genki Genki_Ln.11 JLPT JLPT_5 JLPT_N5,n^ma[3kYmi,onnanoko
～回,～かい,counter for occurrences (~ times),JLPT JLPT_1 JLPT_5 JLPT_N5,dwW`SX||PF,~kai
～階,～かい,counter for stories (floors) of a building,JLPT JLPT_4 JLPT_5 JLPT_N5,x]4mRhDP?0,~kai
外国,がいこく,foreign country; abroad,Genki Genki_Ln.11 Intermediate_Japanese Intermediate_Japanese_Ln.6 JLPT JLPT_5 JLPT_N5,K:<1s^}$O$,gaikoku
外国人,がいこくじん,foreigner,Genki Genki_Ln.15 JLPT JLPT_5 JLPT_N5,mxObbkK7.-,gaikokujin
会社,かいしゃ,"company, corporation",Genki Genki_Ln.7 JLPT JLPT_5 JLPT_N5,owc{ezB4?4,kaisha
階段,かいだん,stairs,JLPT JLPT_5 JLPT_N5,"ui<=#{,<U^",kaidan
買い物,かいもの,shopping,Genki Genki_Ln.4 JLPT JLPT_5 JLPT_N5,uV:`-T%Eq~,kaimono
買う,かう,to buy,JLPT JLPT_3 JLPT_5 JLPT_N5,Q.3jlQZyvW,kau
返す,かえす,to return something,JLPT JLPT_3 JLPT_5 JLPT_N5,b+[+YOY+dv,kaesu
帰る,かえる,"to go back, to go home, to return",Intermediate_Japanese Intermediate_Japanese_Ln.1 JLPT JLPT_3 JLPT_5 JLPT_N5,HBCAN.he?j,kaeru
顔,かお,face (body part),Genki Genki_Ln.10 Intermediate_Japanese Intermediate_Japanese_Ln.2 JLPT JLPT_3 JLPT_5 JLPT_N5,MGLL{4`mK@,kao
かかる,かかる,"it takes (amount of time, money) (v.i.)",Genki Genki_Ln.10 Intermediate_Japanese Intermediate_Japanese_Ln.1 JLPT JLPT_3 JLPT_5 JLPT_N5,yajlZ<1W@=,kakaru
鍵,かぎ,a lock; a key,Genki Genki_Ln.17 JLPT JLPT_3 JLPT_5 JLPT_N5,CBifo1C?=d,kagi
書く,かく,to write,JLPT JLPT_3 JLPT_5 JLPT_N5,ytOa}oy+zO,kaku
学生,がくせい,student,Genki Genki_Ln.1 JLPT JLPT_5 JLPT_N5,"JC,(K4dD==",gakusei
～か月,～かげつ,(number of) months,JLPT JLPT_5 JLPT_N5,p^^qFJHF)[,~kagetsu
掛ける,かける,"to put on (e.g., glasses); to hang (e.g., on a wall)",JLPT JLPT_3 JLPT_4 JLPT_5 JLPT_N5,J@I.fZoEvE,kakeru
かける,かける,"to dial/call (e.g., phone); to sit down",Genki Genki_Ln.19 JLPT JLPT_3 JLPT_4 JLPT_5 JLPT_N5,j[@hZ&;%2u,kakeru
傘,かさ,"umbrella, parasol",Genki Genki_Ln.2 JLPT JLPT_5 JLPT_N5,p_LV=Cf?pc,kasa
貸す,かす,to lend,Intermediate_Japanese Intermediate_Japanese_Ln.3 JLPT JLPT_5 JLPT_N5,yag&XA]F86,kasu
風,かぜ,"wind, breeze",Genki Genki_Ln.22 JLPT JLPT_5 JLPT_N5,wPz(SGuAqF,kaze
風邪,かぜ,"cold, flu",Genki Genki_Ln.12 JLPT JLPT_5 JLPT_N5,"G#zadB[Bd,",kaze
方,かた,-- honorific form for 人 (ひと) --; way of doing,Intermediate_Japanese Intermediate_Japanese_Ln.4 JLPT JLPT_3 JLPT_4 JLPT_5 JLPT_N5,GtdTiap.Os,kata
家族,かぞく,"family, members of a family",Genki Genki_Ln.7 Intermediate_Japanese Intermediate_Japanese_Ln.1 JLPT JLPT_5 JLPT_N5,jwBW:Yf?[N,kazoku
片仮名,かたかな,katakana,JLPT JLPT_5 JLPT_N5,y%B]18.T{|,katakana
～月,～がつ,month of year,JLPT JLPT_5 JLPT_N5,x[qBqm:mer,~gatsu
学校,がっこう,a school,Genki Genki_Ln.3 JLPT JLPT_5 JLPT_N5,jMUlk]n4bL,gakkou
カップ,カップ,cup,JLPT JLPT_1 JLPT_5 JLPT_N5,N>J.3DDIIf,kappu
家庭,かてい,home; family,Intermediate_Japanese Intermediate_Japanese_Ln.3 JLPT JLPT_3 JLPT_5 JLPT_N5,K=/LkA^bE5,katei
角,かど,"corner (e.g., desk, pavement)",Genki Genki_Ln.20 JLPT JLPT_5 JLPT_N5,NblB:vgsi`,kado
かばん,かばん,"bag, basket",Genki Genki_Ln.2 JLPT JLPT_5 JLPT_N5,M4T~@ehWYB,kaban
花瓶,かびん,(flower) vase,JLPT JLPT_5 JLPT_N5,m<:4xC~U|%,kabin
かぶる,かぶる,"to wear, to put on (e.g., a hat on the head)",Genki Genki_Ln.7 JLPT JLPT_3 JLPT_5 JLPT_N5,"v~,/++9.ks",kaburu
紙,かみ,paper,Genki Genki_Ln.17 JLPT JLPT_3 JLPT_5 JLPT_N5,BZj5w]P?W@,kami
カメラ,カメラ,camera,Genki Genki_Ln.8 JLPT JLPT_5 JLPT_N5,m@gkXGnk1!,kamera
火曜日,かようび,Tuesday,Genki Genki_Ln.4 JLPT JLPT_5 JLPT_N5,rx9;D%FE+1,kayoubi
辛い,からい,hot and spicy; salty,Genki Genki_Ln.13 JLPT JLPT_5 JLPT_N5,EjaGe<]5<&,karai
体,からだ,body; health,Genki Genki_Ln.23 Intermediate_Japanese Intermediate_Japanese_Ln.4 JLPT JLPT_5 JLPT_N5,x=d[R_7msH,karada
借りる,かりる,"to borrow, to owe",JLPT JLPT_5 JLPT_N5,EV_.CiOUqY,kariru
～がる,～がる,feel,JLPT JLPT_5 JLPT_N5,e--3P:#0au,~garu
軽い,かるい,"light, non-serious, minor",JLPT JLPT_5 JLPT_N5,"Q?,F=N/]i*",karui
カレー,カレー,curry (abbr. for curry and rice),Genki Genki_Ln.13 JLPT JLPT_1 JLPT_5 JLPT_N5,l)iLA}_6t!,karee
カレンダー,カレンダー,calendar,JLPT JLPT_5 JLPT_N5,"H,vNs@Ml~$",karendaa
川; 河,かわ,river,JLPT JLPT_3 JLPT_5 JLPT_N5,QzV_(D2VAO,kawa
～側,～がわ,~ side,JLPT_N5,ks2wGx4U0-,~gawa
可愛い,かわいい,"cute, adorable",JLPT JLPT_5 JLPT_N5,"cM$xbG,Do&",kawaii
漢字,かんじ,kanji; Chinese character,Genki Genki_Ln.6 Intermediate_Japanese Intermediate_Japanese_Ln.4 JLPT JLPT_3 JLPT_5 JLPT_N5,"yx;[,(ZC<M",kanji
木,き,"tree, wood, timber",Genki Genki_Ln.22 JLPT JLPT_5 JLPT_N5,"Pt,~h2%O9J",ki
黄色,きいろ,yellow,JLPT JLPT_5 JLPT_N5,c$:@4*e3c*,kiiro
黄色い,きいろい,yellow,JLPT JLPT_5 JLPT_N5,yw~rIwG)7I,kiiroi
消える,きえる,"to vanish, to disappear",Genki Genki_Ln.18 JLPT JLPT_5 JLPT_N5,Hl(tY84I}b,kieru
聞く,きく,"to hear, to listen, to ask",JLPT JLPT_3 JLPT_5 JLPT_N5,CbCe+?lSS(,kiku
北,きた,north,Intermediate_Japanese Intermediate_Japanese_Ln.10 JLPT JLPT_5 JLPT_N5,c_4*(T~qY|,kita
ギター,ギター,guitar,Genki Genki_Ln.9 JLPT JLPT_5 JLPT_N5,gl.RMMgxvn,gitaa
汚い,きたない,"dirty, unclean, filthy",Genki Genki_Ln.16 JLPT JLPT_5 JLPT_N5,gA&c1.)X%=,kitanai
喫茶店,きっさてん,café,Genki Genki_Ln.2 Intermediate_Japanese Intermediate_Japanese_Ln.11 JLPT JLPT_5 JLPT_N5,b3?(}lhy[4,kissaten
切手,きって,postal (postage) stamps,Genki Genki_Ln.5 Intermediate_Japanese Intermediate_Japanese_Ln.3 JLPT JLPT_5 JLPT_N5,GZ2eU+7^)f,kitte
切符,きっぷ,a ticket,Genki Genki_Ln.5 Intermediate_Japanese Intermediate_Japanese_Ln.10 JLPT JLPT_5 JLPT_N5,i@ntG+Gt0l,kippu
昨日,きのう,yesterday,Genki Genki_Ln.4 JLPT JLPT_3 JLPT_5 JLPT_N5,"mMKJxv#,<s",kinou
九,きゅう,nine,JLPT JLPT_3 JLPT_5 JLPT_N5,PCz+i!/c^t,kyuu
牛肉,ぎゅうにく,beef,JLPT JLPT_5 JLPT_N5,"HN>QIS,sa)",gyuuniku
牛乳,ぎゅうにゅう,milk,Genki Genki_Ln.18 JLPT JLPT_5 JLPT_N5,fkn+n(t~hl,gyuunyuu
今日,きょう,"today, this day",Genki Genki_Ln.3 JLPT JLPT_5 JLPT_N5,bCP{!%CS>.,kyou
教室,きょうしつ,classroom,Intermediate_Japanese Intermediate_Japanese_Ln.3 JLPT JLPT_5 JLPT_N5,jd>*%:rgPV,kyoushitsu
兄弟,きょうだい,"siblings (humble), brothers and sisters",Genki Genki_Ln.7 JLPT JLPT_5 JLPT_N5,tg~Kr0A/Mn,kyoudai
去年,きょねん,last year,Genki Genki_Ln.14 Intermediate_Japanese Intermediate_Japanese_Ln.1 JLPT JLPT_5 JLPT_N5,zrXmT>AI2s,kyonen
嫌い,きらい,dislike,JLPT JLPT_5 JLPT_N5,"qw1}y,Um4C",kirai
切る,きる,to cut; to hang up (a phone),Genki Genki_Ln.8 Intermediate_Japanese Intermediate_Japanese_Ln.12 JLPT JLPT_5 JLPT_N5,A;e]B2v]77,kiru
着る,きる,to put on (clothes above your waist); to wear,Genki Genki_Ln.7 Intermediate_Japanese Intermediate_Japanese_Ln.9 JLPT JLPT_5 JLPT_N5,g$-Eqb.V#N,kiru
綺麗,きれい,"pretty, clean, tidy",JLPT JLPT_5 JLPT_N5,y:f/R>36c4,kirei
キログラム,キログラム,(abbr.) kilo (kilogram),JLPT JLPT_3 JLPT_5 JLPT_N5,"v,MI,fa=Pd",kiroguramu
キロメートル,キロメートル,(abbr.) kilo (kilometer),JLPT JLPT_3 JLPT_5 JLPT_N5,I+%u|o<M9),kiromeetoru
銀行,ぎんこう,bank,Genki Genki_Ln.2 JLPT JLPT_5 JLPT_N5,dJzM6E^Crr,ginkou
金曜日,きんようび,Friday,Genki Genki_Ln.4 JLPT JLPT_3 JLPT_5 JLPT_N5,H)-<3>G;wq,kinyoubi
九,く,nine,JLPT JLPT_3 JLPT_5 JLPT_N5,J.@??p5!Es,ku
薬,くすり,medicine,Genki Genki_Ln.9 Intermediate_Japanese Intermediate_Japanese_Ln.12 JLPT JLPT_5 JLPT_N5,e<qA>@afcN,kusuri
下さい,ください,(with te-form verb) please do for me,JLPT JLPT_5 JLPT_N5,wZXS53y~A,kudasai
果物,くだもの,fruit,Intermediate_Japanese Intermediate_Japanese_Ln.9 JLPT JLPT_5 JLPT_N5,"ff8}}%,}l0",kudamono
口,くち,job opening; mouth,Intermediate_Japanese Intermediate_Japanese_Ln.11 Intermediate_Japanese_Ln.8 JLPT JLPT_5 JLPT_N5,ODcS@5Ag5;,kuchi
靴,くつ,"shoes, footwear",Genki Genki_Ln.2 JLPT JLPT_5 JLPT_N5,n}XPqtAFrb,kutsu
靴下,くつした,socks,Genki Genki_Ln.23 JLPT JLPT_5 JLPT_N5,"m{wv6,~qH4",kutsushita
国,くに,country; place of origin,Genki Genki_Ln.7 JLPT JLPT_5 JLPT_N5,qu43})1T{b,kuni
曇り,くもり,"cloudiness, cloudy weather",Genki Genki_Ln.12 JLPT JLPT_3 JLPT_5 JLPT_N5,"J%t?_,0ZZ)",kumori
曇る,くもる,"to become cloudy, to become dim",JLPT JLPT_5 JLPT_N5,h68<#-5u4*,kumoru
暗い,くらい,"dark, gloomy",JLPT JLPT_3 JLPT_5 JLPT_N5,l[W6inIL/c,kurai
～くらい; ぐらい,～くらい; ぐらい,approximate (quantity),JLPT JLPT_5 JLPT_N5,i|aE4l1U6h,~kurai; gurai
クラス,クラス,a class,Genki Genki_Ln.4 JLPT JLPT_5 JLPT_N5,I|[#&/BoM*,kurasu
グラム,グラム,gram,JLPT JLPT_5 JLPT_N5,wf@~Kdx9Mo,guramu
来る,くる,to come,JLPT JLPT_5 JLPT_N5,t8%I(!NKuq,kuru
車,くるま,"car, vehicle",Genki Genki_Ln.7 JLPT JLPT_5 JLPT_N5,Dp50G3U@L=,kuruma
黒,くろ,black,JLPT JLPT_5 JLPT_N5,eM3bqzySWE,kuro
黒い,くろい,black; dark,Genki Genki_Ln.9 JLPT JLPT_5 JLPT_N5,y`TB7E}KvC,kuroi
警官,けいかん,police officer,JLPT JLPT_5 JLPT_N5,r|k<lg[-^X,keikan
今朝,けさ,this morning,Genki Genki_Ln.8 Intermediate_Japanese Intermediate_Japanese_Ln.2 JLPT JLPT_5 JLPT_N5,Ojh!YT%>_O,kesa
消す,けす,"to erase, to delete, to turn off power",JLPT JLPT_5 JLPT_N5,kyBQ8>]kOz,kesu
結構,けっこう,"splendid; enough, tolerably",JLPT JLPT_3 JLPT_5 JLPT_N5,OhYc[d+;sX,kekkou
結婚,けっこん (する),marriage (get married),JLPT JLPT_5 JLPT_N5,yoFb9mQ>xx,kekkon (suru)
月曜日,げつようび,Monday,Genki Genki_Ln.4 JLPT JLPT_3 JLPT_5 JLPT_N5,py]#+qmS;#,getsuyoubi
玄関,げんかん,entrance (to a house or a building),Intermediate_Japanese Intermediate_Japanese_Ln.5 JLPT JLPT_4 JLPT_5 JLPT_N5,nzna3U1d%4,genkan
元気,げんき,"health(y), energetic",JLPT JLPT_5 JLPT_N5,C6oDoveAM%,genki
～個,～こ,"counter for small items (e.g., fruits, cups)",JLPT JLPT_2 JLPT_5 JLPT_N5,"L)v,!KJ|+1",~ko
五,ご,five,JLPT JLPT_3 JLPT_5 JLPT_N5,CPX]&C<[AA,go
～語,～ご,"word, language",JLPT JLPT_5 JLPT_N5,OS-NJNma:q,~go
公園,こうえん,a park,Genki Genki_Ln.4 JLPT JLPT_3 JLPT_5 JLPT_N5,"I!nU=ub,Sv",kouen
交差点,こうさてん,intersection,JLPT JLPT_5 JLPT_N5,fB2Ek#M/vd,kousaten
紅茶,こうちゃ,black tea,Genki Genki_Ln.13 JLPT JLPT_5 JLPT_N5,k->[;qN`>7,koucha
交番,こうばん,police box,JLPT JLPT_5 JLPT_N5,Opg/[%q+N8,kouban
声,こえ,voice,Intermediate_Japanese Intermediate_Japanese_Ln.2 JLPT JLPT_5 JLPT_N5,In/Jo>[]?<,koe
コート,コート,"coat; court (e.g., tennis)",JLPT JLPT_5 JLPT_N5,"e4scbA,t~J",kooto
コーヒー,コーヒー,coffee,Genki Genki_Ln.3 JLPT JLPT_5 JLPT_N5,d<P1^SSa-:,koohii
ここ,ここ,"here, this place",Genki Genki_Ln.4 JLPT JLPT_3 JLPT_5 JLPT_N5,Lq)wtpkam*,koko
午後,ごご,"afternoon, P.M.",Genki Genki_Ln.1 JLPT JLPT_5 JLPT_N5,C_ZC&#?>G!,gogo
九日,ここのか,nine days; ninth day of the month,Genki Genki_Ln.13 JLPT JLPT_5 JLPT_N5,l7hYJ[~^44,kokonoka
九つ,ここのつ,nine things,Genki Genki_Ln.9 JLPT JLPT_5 JLPT_N5,DvF}1X8pH=,kokonotsu
午前,ごぜん,"morning, A.M.",Genki Genki_Ln.1 JLPT JLPT_5 JLPT_N5,ue~BwANA9n,gozen
答える,こたえる,"to answer, to reply",JLPT JLPT_5 JLPT_N5,x<$h-)|1km,kotaeru
こちら,こちら,this person (polite); this way (polite),Genki Genki_Ln.11 Genki_Ln.19 JLPT JLPT_5 JLPT_N5,A^:pzWeFGD,kochira
こっち,こっち,this person; this direction; this side,JLPT JLPT_4 JLPT_5 JLPT_N5,KZ(~KRGBCG,kotchi
コップ,コップ,a tumbler; a glass,Genki Genki_Ln.14 JLPT JLPT_5 JLPT_N5,fS_r5k@$Y6,koppu
今年,ことし,this year,Genki Genki_Ln.10 JLPT JLPT_5 JLPT_N5,F4V9w7@Age,kotoshi
言葉,ことば,language; word(s); expression(s),Genki Genki_Ln.13 Intermediate_Japanese Intermediate_Japanese_Ln.2 JLPT JLPT_5 JLPT_N5,EWtR7eO/R4,kotoba
子供,こども,child(ren),Genki Genki_Ln.4 Intermediate_Japanese Intermediate_Japanese_Ln.2 JLPT JLPT_5 JLPT_N5,CU[{wZ(D{$,kodomo
この,この,this,JLPT JLPT_3 JLPT_5 JLPT_N5,pPsd:zD9O?,kono
御飯,ごはん,rice (cooked); meal,Genki Genki_Ln.4 JLPT JLPT_5 JLPT_N5,biiyLkNokP,gohan
コピーする,コピーする,to copy,JLPT JLPT_3 JLPT_5 JLPT_N5,pIfdJ-gQ=x,kopiisuru
困る,こまる,"to be bothered, to have difficulty",Genki Genki_Ln.16 JLPT JLPT_5 JLPT_N5,QJ1l#P3oS5,komaru
これ,これ,this one,Genki Genki_Ln.2 JLPT JLPT_5 JLPT_N5,CY7%/#&PC;,kore
～ころ; ～ごろ,～ころ; ～ごろ,"about, toward, approximately (time)",JLPT JLPT_5 JLPT_N5,ygFZGug3gm,~koro; ~goro
今月,こんげつ,this month,Genki Genki_Ln.8 JLPT JLPT_5 JLPT_N5,m1R02~~j[,kongetsu
今週,こんしゅう,this week,Genki Genki_Ln.6 JLPT JLPT_5 JLPT_N5,DK9g?(!36`,konshuu
こんな,こんな,"such, like this",JLPT JLPT_5 JLPT_N5,DuEU98EMih,konna
今晩,こんばん,"tonight, this evening",Genki Genki_Ln.3 Intermediate_Japanese Intermediate_Japanese_Ln.1 JLPT JLPT_5 JLPT_N5,F3};?W>+5Y,konban
さあ,さあ,"come now, well",JLPT JLPT_5 JLPT_N5,Ag`@=t><OI,saa
～歳,～さい,~ years old,JLPT JLPT_2 JLPT_5 JLPT_N5,yIt4LQzbb!,~sai
財布,さいふ,wallet,Genki Genki_Ln.2 Intermediate_Japanese Intermediate_Japanese_Ln.4 JLPT JLPT_5 JLPT_N5,xwbRMO4c<;,saifu
魚,さかな,fish,Genki Genki_Ln.2 JLPT JLPT_5 JLPT_N5,zzI@?Uq@Z[,sakana
先,さき,"future; recent, previous",JLPT JLPT_5 JLPT_N5,tGm0X7=@hF,saki
咲く,さく,to bloom,Genki Genki_Ln.18 JLPT JLPT_3 JLPT_5 JLPT_N5,F>Pt~gStbR,saku
作文,さくぶん,essay; composition,Genki Genki_Ln.9 JLPT JLPT_5 JLPT_N5,fOn$od$Eoc,sakubun
差す,さす,"to raise (stretch out) hands, to raise (e.g., umbrella)",JLPT JLPT_3 JLPT_5 JLPT_N5,b|c|&{UKxH,sasu
～冊,～さつ,counter for books,JLPT JLPT_5 JLPT_N5,DJ:3n{-XN%,~satsu
雑誌,ざっし,"magazine, journal",Genki Genki_Ln.3 Intermediate_Japanese Intermediate_Japanese_Ln.8 JLPT JLPT_5 JLPT_N5,gVzfIhXfBF,zasshi
砂糖,さとう,sugar,Genki Genki_Ln.16 JLPT JLPT_5 JLPT_N5,M]8mQGX#}E,satou
寒い,さむい,cold (in reference to weather),Genki Genki_Ln.5 Intermediate_Japanese Intermediate_Japanese_Ln.2 JLPT JLPT_5 JLPT_N5,x@[mMxA?Z},samui
さ来年,さらいねん,year after next,JLPT JLPT_5 JLPT_N5,C4/Z2oi:V>,sarainen
～さん,～さん,"Mr. ~, Ms. ~",JLPT JLPT_2 JLPT_5 JLPT_N5,i|L#.MVmNG,~san
三,さん,three,JLPT JLPT_5 JLPT_N5,jB}%X}YQ)P,san
散歩,さんぽ (する),"walk, stroll",JLPT JLPT_3 JLPT_5 JLPT_N5,C7E%FY>8|T,sanpo (suru)
四,し,four,JLPT JLPT_3 JLPT_5 JLPT_N5,q%G#*K^0R+,shi
～時 (o clock),～じ,~ o'clock (time),JLPT JLPT_1 JLPT_5 JLPT_N5,m]7PVW-h[^,~ji
塩,しお,salt,JLPT JLPT_5 JLPT_N5,mQXb>=tTk},shio
しかし,しかし,however; but,Intermediate_Japanese Intermediate_Japanese_Ln.3 JLPT JLPT_5 JLPT_N5,g2(en9wt=#,shikashi
時間,じかん,time,Genki Genki_Ln.14 JLPT JLPT_2 JLPT_5 JLPT_N5,rl<d#jP#zf,jikan
～時間,～じかん,~ hours,JLPT JLPT_5 JLPT_N5,PfD-$$uDhD,~jikan
仕事,しごと,"work, job, occupation, employment",Genki Genki_Ln.1 Genki_Ln.8 JLPT JLPT_5 JLPT_N5,BpR$XStq*~,shigoto
辞書,じしょ,dictionary,Genki Genki_Ln.2 JLPT JLPT_5 JLPT_N5,Ls?+XP<x!7,jisho
静か,しずか,"quiet, calm",JLPT JLPT_5 JLPT_N5,P>BDZl[pK4,shizuka
下,した,"under, below, beneath",JLPT JLPT_3 JLPT_5 JLPT_N5,j8V7%&V*V9,shita
七,しち,seven,JLPT JLPT_3 JLPT_5 JLPT_N5,d9Ei.i(]l3,shichi
質問,しつもん,"question, inquiry",Intermediate_Japanese Intermediate_Japanese_Ln.2 JLPT JLPT_5 JLPT_N5,hbG&tzjk([,shitsumon
自転車,じてんしゃ,bicycle,Genki Genki_Ln.2 JLPT JLPT_5 JLPT_N5,cQ/jE!IBMW,jitensha
自動車,じどうしゃ,automobile,JLPT JLPT_5 JLPT_N5,s>B81r@vvP,jidousha
死ぬ,しぬ,to die,Genki Genki_Ln.6 JLPT JLPT_5 JLPT_N5,DTv8zMSE:A,shinu
字引,じびき,dictionary,JLPT JLPT_5 JLPT_N5,"q(KV,tLbs@",jibiki
自分,じぶん,"myself, oneself",Genki Genki_Ln.17 Intermediate_Japanese Intermediate_Japanese_Ln.1 JLPT JLPT_5 JLPT_N5,PVgO:!yY%&,jibun
閉まる,しまる,"to close, to be closed",JLPT JLPT_5 JLPT_N5,gcQz%z-FEM,shimaru
閉める,しめる,"to close, to shut",JLPT JLPT_3 JLPT_5 JLPT_N5,gf.^6?5[K1,shimeru
締める,しめる,"to tie, to fasten, to tighten",JLPT JLPT_3 JLPT_5 JLPT_N5,zslBUbe/:),shimeru
じゃ; じゃあ,じゃ; じゃあ,"well, well then",JLPT JLPT_3 JLPT_5 JLPT_N5,I*;H$6{i?j,ja; jaa
写真,しゃしん,a picture; a photograph,Genki Genki_Ln.4 Intermediate_Japanese Intermediate_Japanese_Ln.4 JLPT JLPT_5 JLPT_N5,uE&XA7mYm9,shashin
シャツ,シャツ,shirt,Genki Genki_Ln.10 JLPT JLPT_5 JLPT_N5,ubVcrQ$8%@,shatsu
シャワー,シャワー,shower,JLPT JLPT_5 JLPT_N5,op46S^HFU7,shawaa
十,じゅう,ten,JLPT JLPT_3 JLPT_5 JLPT_N5,t#RE}A*?;i,juu
～中 (Throughout),～じゅう,"Throughout; all over or the whole.",JLPT JLPT_2 JLPT_5 JLPT_N5,GjJjAMMc<N,~juu
～週間,～しゅうかん,~ weeks,JLPT JLPT_5 JLPT_N5,B5/n=cEC&j,~shuukan
授業,じゅぎょう,a class (of school),Genki Genki_Ln.11 Intermediate_Japanese Intermediate_Japanese_Ln.3 JLPT JLPT_2 JLPT_5 JLPT_N5,In^9^.q{~0,jugyou
宿題,しゅくだい,homework,Genki Genki_Ln.5 Intermediate_Japanese Intermediate_Japanese_Ln.1 JLPT JLPT_5 JLPT_N5,PE;OT+iIoY,shukudai
上手,じょうず,"be good at, skillful",JLPT JLPT_5 JLPT_N5,zE7uPe$TPk,jouzu
丈夫,じょうぶ,"strong, solid, durable",JLPT JLPT_5 JLPT_N5,"rzxPYrs,=L",joubu
醤油,しょうゆ,soy sauce,Genki Genki_Ln.18 JLPT JLPT_5 JLPT_N5,Cx=6Q3yGAf,shouyu
食堂,しょくどう,"cafeteria, dining hall",Genki Genki_Ln.7 JLPT JLPT_5 JLPT_N5,q/e+PknS.X,shokudou
知る,しる,"to know, to understand",Genki Genki_Ln.7 JLPT JLPT_5 JLPT_N5,jmoS>4h`&Q,shiru
白,しろ,white,JLPT JLPT_3 JLPT_5 JLPT_N5,?4vV_taj),shiro
白い,しろい,white,Genki Genki_Ln.9 JLPT JLPT_5 JLPT_N5,yL-#%FMe~@,shiroi
～人,～じん,counter for people,JLPT JLPT_5 JLPT_N5,cRB`piJTT=,~jin
新聞,しんぶん,newspaper,Genki Genki_Ln.2 JLPT JLPT_5 JLPT_N5,u)<uacY_Qa,shinbun
水曜日,すいようび,Wednesday,Genki Genki_Ln.4 JLPT JLPT_5 JLPT_N5,kl%)(*`5]a,suiyoubi
吸う,すう,"to breathe in, to suck",JLPT JLPT_3 JLPT_5 JLPT_N5,wwi3CXCv2|,suu
スカート,スカート,skirt,Genki Genki_Ln.18 JLPT JLPT_5 JLPT_N5,NE$eFg+K&Y,sukaato
好き,すき,"liking, fondness, love",JLPT JLPT_5 JLPT_N5,B}kz{&9>=0,suki
～すぎ,～すぎ,"past; to exceed, ~ too much",JLPT JLPT_5 JLPT_N5,D/A*oT1;-^,~sugi
少ない,すくない,a little; a few,Genki Genki_Ln.17 JLPT JLPT_5 JLPT_N5,O}E#|bt5>=,sukunai
すぐに,すぐに,"immediately, soon",JLPT JLPT_5 JLPT_N5,c+_z#9>We^,suguni
少し,すこし,"little, few",Genki Genki_Ln.21 JLPT JLPT_5 JLPT_N5,LEWblI/l<),sukoshi
涼しい,すずしい,"cool, refreshing (in reference to weather)",Genki Genki_Ln.10 JLPT JLPT_5 JLPT_N5,y%0&)B2:*;,suzushii
～ずつ,～ずつ,at a time,JLPT JLPT_5 JLPT_N5,e7*dq)(1^5,~zutsu
ストーブ,ストーブ,heater (lit: stove),Genki Genki_Ln.17 JLPT JLPT_5 JLPT_N5,xw_f78(-:7,sutoobu
スプーン,スプーン,spoon,JLPT JLPT_5 JLPT_N5,FjQLk(n?P#,supuun
スポーツ,スポーツ,sport(s),Genki Genki_Ln.3 JLPT JLPT_5 JLPT_N5,F^wO!?E%?^,supootsu
ズボン,ズボン,trousers,JLPT JLPT_5 JLPT_N5,"FU-<z{1,6(",zubon
住む,すむ,"to reside, to live in",JLPT JLPT_3 JLPT_5 JLPT_N5,ym>?}%jeF+,sumu
する,する,"to do, to try; to wear small items (e.g., necktie, watch, etc.)",Genki Genki_Ln.17 JLPT JLPT_3 JLPT_5 JLPT_N5,"LT|A_z,G+T",suru
座る,すわる,to sit,JLPT JLPT_5 JLPT_N5,dn)bcr6wXa,suwaru
背,せい,"(one's) height, stature",Intermediate_Japanese Intermediate_Japanese_Ln.4 JLPT JLPT_3 JLPT_5 JLPT_N5,xQDy{9R)S2,sei
生徒,せいと,student; pupil,Intermediate_Japanese Intermediate_Japanese_Ln.5 JLPT JLPT_5 JLPT_N5,c2wTXo?)*o,seito
セーター,セーター,sweater,Genki Genki_Ln.13 JLPT JLPT_5 JLPT_N5,NSeOhKH2D6,seetaa
石鹸,せっけん,soap,JLPT JLPT_5 JLPT_N5,tY/1~r6Mz5,sekken
背広,せびろ,men's suit,Intermediate_Japanese Intermediate_Japanese_Ln.9 JLPT JLPT_5 JLPT_N5,w`:i7/YHYU,sebiro
狭い,せまい,narrow; not spacious,Genki Genki_Ln.12 Intermediate_Japanese Intermediate_Japanese_Ln.15 JLPT JLPT_5 JLPT_N5,yDZurM]5mn,semai
ゼロ,ゼロ,zero,JLPT JLPT_5 JLPT_N5,G~4~zg|xJJ,zero
千,せん,thousand,JLPT JLPT_5 JLPT_N5,IvU;IZmo9!,sen
先月,せんげつ,last month,Genki Genki_Ln.9 Intermediate_Japanese Intermediate_Japanese_Ln.1 JLPT JLPT_5 JLPT_N5,RcD!zS6[>I,sengetsu
先週,せんしゅう,last week,Genki Genki_Ln.4 JLPT JLPT_5 JLPT_N5,EbyugR;^Rz,senshuu
先生,せんせい,"teacher, professor; master; doctor",Genki Genki_Ln.1 JLPT JLPT_5 JLPT_N5,A`19t`6J6t,sensei
洗濯,せんたく,"washing, laundry",Intermediate_Japanese Intermediate_Japanese_Ln.11 JLPT JLPT_3 JLPT_5 JLPT_N5,vQ&mbAJqN7,sentaku
全部,ぜんぶ,"all, entire, whole",Genki Genki_Ln.13 Intermediate_Japanese Intermediate_Japanese_Ln.3 JLPT JLPT_5 JLPT_N5,MgJu@!Fk&_,zenbu
そう; そうです,そう; そうです,"yes; appears, to be the case",JLPT JLPT_5 JLPT_N5,kkfDg[|_Yb,sou; soudesu
掃除,そうじ (する),"cleaning, sweeping",JLPT JLPT_3 JLPT_5 JLPT_N5,LKKhbs9g8/,souji (suru)
そうして; そして,そうして; そして,"and, like that",JLPT JLPT_5 JLPT_N5,C/Lx0#`!+J,soushite; soshite
そこ,そこ,"that place, there; bottom, sole",Genki Genki_Ln.4 JLPT JLPT_2 JLPT_3 JLPT_5 JLPT_N5,v56KFY.>v@,soko
そちら,そちら,over there,JLPT JLPT_5 JLPT_N5,xbjis~A;+*,sochira
そっち,そっち,over there,JLPT JLPT_5 JLPT_N5,#PXdxM^5L,sotchi
外 (outside),そと,"outside, exterior",Genki Genki_Ln.18 Intermediate_Japanese Intermediate_Japanese_Ln.2 JLPT JLPT_5 JLPT_N5,AFB3>g85F],soto
その,その,that,JLPT JLPT_3 JLPT_5 JLPT_N5,C2OIF=[)E_,sono
そば,そば,"near, close, beside; Japanese traditional buckwheat noodle",Genki Genki_Ln.15 JLPT JLPT_3 JLPT_5 JLPT_N5,M)]t*`<F@c,soba
空,そら,sky,JLPT JLPT_5 JLPT_N5,D.6b;1{88^,sora
それ,それ,that one,Genki Genki_Ln.2 JLPT JLPT_3 JLPT_5 JLPT_N5,t%n)3@@XX+,sore
それから,それから,"and then, after that",Intermediate_Japanese Intermediate_Japanese_Ln.1 JLPT JLPT_5 JLPT_N5,sV(hn]KLzr,sorekara
それでは,それでは,"in that situation, well then...",JLPT JLPT_5 JLPT_N5,"v[]T|jw&,[",soredewa
～台,～だい,counter for vehicles; machines,JLPT JLPT_5 JLPT_N5,ztM0ejgNN~,~dai
大学,だいがく,college; university,Genki Genki_Ln.1 JLPT JLPT_5 JLPT_N5,kHyc<WfmUQ,daigaku
大使館,たいしかん,embassy,JLPT JLPT_5 JLPT_N5,"n?Lz{tQ,#T",taishikan
大丈夫,だいじょうぶ,It's ok (all right); No need to worry; Everything is under control,Genki Genki_Ln.5 Intermediate_Japanese Intermediate_Japanese_Ln.3 JLPT JLPT_5 JLPT_N5,nEIlSJfx#r,daijoubu
大好き,だいすき,"very like-able, like very much",JLPT JLPT_5 JLPT_N5,"AZ,CM~A,0E",daisuki
大切,たいせつ,important,JLPT JLPT_5 JLPT_N5,tu70?MYeL5,taisetsu
台所,だいどころ,kitchen,JLPT JLPT_5 JLPT_N5,bbB25MOf:$,daidokoro
大変,たいへん,"very; difficult, hard",JLPT JLPT_3 JLPT_5 JLPT_N5,NIbD<|-[1y,taihen
高い,たかい,"tall, high; expensive",Genki Genki_Ln.2 JLPT JLPT_5 JLPT_N5,veG&GbRNS(,takai
～だけ,～だけ,"only ~, just ~, as ~",JLPT JLPT_1 JLPT_5 JLPT_N5,Lcbr*3r3b5,~dake
沢山,たくさん,"many, much",JLPT JLPT_5 JLPT_N5,v7m[:9zL*Y,takusan
タクシー,タクシー,taxi,JLPT JLPT_5 JLPT_N5,k8!n/<-@<9,takushii
出す,だす,to take (something) out; to hand in (something),Genki Genki_Ln.16 JLPT JLPT_5 JLPT_N5,bt0(EU(<V_,dasu
～達,～たち,plural suffix,JLPT JLPT_5 JLPT_N5,Opbd!87m@p,~tachi
立つ,たつ,to stand up,Genki Genki_Ln.6 JLPT JLPT_3 JLPT_5 JLPT_N5,z+IsiLqO4K,tatsu
たて,たて,"length, height",JLPT JLPT_3 JLPT_5 JLPT_N5,L8wVt#MfRS,tate
建物,たてもの,building,Intermediate_Japanese Intermediate_Japanese_Ln.5 JLPT JLPT_5 JLPT_N5,mty2M&KETp,tatemono
楽しい,たのしい,"enjoyable, fun",Genki Genki_Ln.5 JLPT JLPT_5 JLPT_N5,eD~FeZpJXC,tanoshii
頼む,たのむ,"to request, to ask (a favor)",Genki Genki_Ln.18 Intermediate_Japanese Intermediate_Japanese_Ln.3 JLPT JLPT_5 JLPT_N5,zjk+2%xAp%,tanomu
たばこ,たばこ,"tobacco, cigarettes",JLPT JLPT_5 JLPT_N5,y<?W4xcfCN,tabako
多分,たぶん,"perhaps, probably, maybe",Genki Genki_Ln.12 Intermediate_Japanese Intermediate_Japanese_Ln.2 JLPT JLPT_3 JLPT_5 JLPT_N5,pNDK+)ARo,tabun
食べ物,たべもの,food,Genki Genki_Ln.5 JLPT JLPT_5 JLPT_N5,ODKLC3jdI>,tabemono
食べる,たべる,to eat,JLPT JLPT_5 JLPT_N5,c.+pIV(7xY,taberu
卵,たまご,egg,Intermediate_Japanese Intermediate_Japanese_Ln.6 JLPT JLPT_5 JLPT_N5,c|(S)f_).K,tamago
誰,だれ,who,Genki Genki_Ln.2 JLPT JLPT_5 JLPT_N5,gDqm6J+#/O,dare
誰か,だれか,someone,JLPT JLPT_3 JLPT_5 JLPT_N5,K{JPl*mB/&,dareka
誕生日,たんじょうび,birthday,Genki Genki_Ln.5 JLPT JLPT_5 JLPT_N5,HV8#h@HniT,tanjoubi
段々,だんだん,"gradually, by degrees",JLPT JLPT_5 JLPT_N5,O8dRR}CL>,dandan
小さい,ちいさい,"small, little",Genki Genki_Ln.5 JLPT JLPT_5 JLPT_N5,LNu9:vy!G1,chiisai
小さな,ちいさな,"small, little",JLPT JLPT_5 JLPT_N5,lc*~Cd~D@4,chiisana
近い,ちかい,"near, close by, short",Genki Genki_Ln.13 JLPT JLPT_5 JLPT_N5,"ttC.1]n,0|",chikai
違う,ちがう,to be different; to differ; wrong,Genki Genki_Ln.23 Intermediate_Japanese Intermediate_Japanese_Ln.1 JLPT JLPT_5 JLPT_N5,N2Hj9)qK/l,chigau
近く,ちかく,nearby; in the neighborhood,Intermediate_Japanese Intermediate_Japanese_Ln.1 JLPT JLPT_5 JLPT_N5,y)Y*_^+)&<,chikaku
地下鉄,ちかてつ,"underground train, subway",Genki Genki_Ln.10 JLPT JLPT_5 JLPT_N5,MEsyrZ*cPc,chikatetsu
地図,ちず,a map,Genki Genki_Ln.15 Intermediate_Japanese Intermediate_Japanese_Ln.12 JLPT JLPT_5 JLPT_N5,dhY*~Tx!fs,chizu
父,ちち,(my) father,Genki Genki_Ln.7 JLPT JLPT_5 JLPT_N5,QKI#T(oT`t,chichi
茶色,ちゃいろ,brown,JLPT JLPT_5 JLPT_N5,h<Se0W>cwB,chairo
茶碗,ちゃわん,rice bowl,JLPT JLPT_5 JLPT_N5,p6c8>jnMm!,chawan
～中 (during),～ちゅう,"during, while ~ing",JLPT JLPT_5 JLPT_N5,J]E)zcwU%w,~chuu
丁度,ちょうど,"just, right, exactly",JLPT JLPT_5 JLPT_N5,K@fxH}$AC8,choudo
ちょっと,ちょっと,"a little, somewhat; just a little, somewhat",Genki Genki_Ln.3 JLPT JLPT_2 JLPT_5 JLPT_N5,j)OcO!#[%u,chotto
一日 (1st),ついたち,one day; first day of the month,JLPT JLPT_5 JLPT_N5,qK&D4iveg,tsuitachi
使う,つかう,to use,JLPT JLPT_5 JLPT_N5,B(Ve/L8[z5,tsukau
疲れる,つかれる,to get (become) tired; to become fatigued,Genki Genki_Ln.11 Intermediate_Japanese Intermediate_Japanese_Ln.10 JLPT JLPT_5 JLPT_N5,Oil7l6nt$n,tsukareru
次,つぎ,next,Genki Genki_Ln.6 JLPT JLPT_5 JLPT_N5,IPls}w5_e-,tsugi
着く,つく,"to arrive at, to reach",JLPT JLPT_3 JLPT_5 JLPT_N5,hc-pfPX>PQ,tsuku
机,つくえ,desk,Genki Genki_Ln.4 Intermediate_Japanese Intermediate_Japanese_Ln.10 JLPT JLPT_5 JLPT_N5,G!9kEn9Y>c,tsukue
作る,つくる,"to make, to create",Genki Genki_Ln.8 JLPT JLPT_5 JLPT_N5,dlanfH_M#M,tsukuru
つける,つける,"to turn on (e.g., a light); to take",JLPT JLPT_3 JLPT_4 JLPT_5 JLPT_N5,o}z*=/A8o~,tsukeru
勤める,つとめる,to work (for),JLPT JLPT_5 JLPT_N5,xKU$$gsQPF,tsutomeru
つまらない,つまらない,"boring, dull; insignificant",Genki Genki_Ln.5 JLPT JLPT_5 JLPT_N5,HL~a;+T`kY,tsumaranai
冷たい,つめたい,"cold (things, people)",Genki Genki_Ln.10 JLPT JLPT_5 JLPT_N5,v8vDEW[6Rh,tsumetai
強い,つよい,"strong, powerful",Genki Genki_Ln.17 Intermediate_Japanese Intermediate_Japanese_Ln.13 JLPT JLPT_5 JLPT_N5,d[wde~o@q(,tsuyoi
手,て,hand,JLPT JLPT_5 JLPT_N5,CAHcCP96BY,te
テープ,テープ,tape,Genki Genki_Ln.2 JLPT JLPT_5 JLPT_N5,"H|,pBh(;BD",teepu
テープレコーダー,テープレコーダー,tape recorder,JLPT JLPT_5 JLPT_N5,izd^3[1~Pe,teepurekoodaa
テーブル,テーブル,table,JLPT JLPT_5 JLPT_N5,n-.M5OZr5!,teeburu
出かける,でかける,to go out; to depart,Genki Genki_Ln.5 JLPT JLPT_5 JLPT_N5,Fx}b2N2gun,dekakeru
手紙,てがみ,letter,Genki Genki_Ln.4 JLPT JLPT_5 JLPT_N5,M#PC#!OTka,tegami
出来る,できる,to be able to (to accomplish),JLPT JLPT_3 JLPT_4 JLPT_5 JLPT_N5,vB~NGv+*>H,dekiru
出口,でぐち,an exit,Intermediate_Japanese Intermediate_Japanese_Ln.7 JLPT JLPT_5 JLPT_N5,sv__368x5>,deguchi
テスト,テスト,test,Genki Genki_Ln.5 JLPT JLPT_5 JLPT_N5,Lhy<!{J6SG,tesuto
では,では,"then, well, so",JLPT JLPT_3 JLPT_5 JLPT_N5,NY{|SsdlKz,dewa
デパート,デパート,(abbr.) department store,Genki Genki_Ln.4 JLPT JLPT_5 JLPT_N5,rd.b%pP~B0,depaato
でも,でも,"but, however",JLPT JLPT_3 JLPT_5 JLPT_N5,izQ~3T7Pp},demo
出る,でる,"to appear, to leave",JLPT JLPT_5 JLPT_N5,A23ctPX1n^,deru
テレビ,テレビ,"television, TV",Genki Genki_Ln.3 JLPT JLPT_5 JLPT_N5,pQXZQB+G|d,terebi
天気,てんき,weather,Genki Genki_Ln.5 JLPT JLPT_5 JLPT_N5,vm1l+4c[9,tenki
電気,でんき,"electricity, (electric) light",Genki Genki_Ln.6 JLPT JLPT_5 JLPT_N5,HsW5jIb;SC,denki
電車,でんしゃ,electric train,Genki Genki_Ln.6 JLPT JLPT_5 JLPT_N5,e?+NxLTOv,densha
電話,でんわ,a telephone,Genki Genki_Ln.1 JLPT JLPT_5 JLPT_N5,"Q,geq&8^pJ",denwa
戸,と,door (Japanese style),JLPT JLPT_5 JLPT_N5,o.K?EMap~;,to
～度,～ど,counter for occurrences; ~ degree; ~ point,JLPT JLPT_1 JLPT_5 JLPT_N5,K9|0UgYaJ_,~do
ドア,ドア,door (Western style),JLPT JLPT_5 JLPT_N5,l[rk}4@PVD,doa
トイレ,トイレ,bathroom; toilet,Intermediate_Japanese Intermediate_Japanese_Ln.10 JLPT JLPT_5 JLPT_N5,hv_ThfFsjj,toire
どう,どう,"how, in what way",JLPT JLPT_5 JLPT_N5,FZt/a?Mnu^,dou
どうして,どうして,"why, for what reason",Genki Genki_Ln.4 JLPT JLPT_5 JLPT_N5,s<(2V@f6ff,doushite
どうぞ,どうぞ,"please, kindly, by all means",JLPT JLPT_5 JLPT_N5,CXiSJodxs@,douzo
動物,どうぶつ,animal,Intermediate_Japanese Intermediate_Japanese_Ln.10 JLPT JLPT_5 JLPT_N5,Q~mPY;2upw,doubutsu
どうも,どうも,Thank you; somehow; no matter how hard one may try,Genki Genki_Ln.2 Intermediate_Japanese Intermediate_Japanese_Ln.1 JLPT JLPT_5 JLPT_N5,"Maz]_B`w,4",doumo
十 (counter),(〜を) とお,ten (~),Genki Genki_Ln.9 JLPT JLPT_3 JLPT_5 JLPT_N5,BjWdBTc)9!,too
遠い,とおい,"far (away), distant",Genki Genki_Ln.21 JLPT JLPT_5 JLPT_N5,Jl9yYXnyJ<,tooi
十日,とおか,ten days; tenth day of the month,Genki Genki_Ln.13 JLPT JLPT_5 JLPT_N5,g[CNT&GA2[,tooka
～時 (at time),～とき,at the time of ~,JLPT JLPT_3 JLPT_5 JLPT_N5,bGLp[lZC.;,~toki
時々,ときどき,sometimes,Genki Genki_Ln.3 JLPT JLPT_5 JLPT_N5,s+W64X?THZ,tokidoki
時計,とけい,a watch; a clock,Genki Genki_Ln.2 Intermediate_Japanese Intermediate_Japanese_Ln.2 JLPT JLPT_5 JLPT_N5,u/fL<ne:Cb,tokei
どこ,どこ,"where, what place",Genki Genki_Ln.2 JLPT JLPT_5 JLPT_N5,h_Fa6?Ps@9,doko
所,ところ,place,Genki Genki_Ln.8 Intermediate_Japanese Intermediate_Japanese_Ln.1 JLPT JLPT_5 JLPT_N5,J`^6YmuA-0,tokoro
年,とし,"year, age",JLPT JLPT_3 JLPT_5 JLPT_N5,N=hcG9wG3;,toshi
図書館,としょかん,library,Genki Genki_Ln.2 Intermediate_Japanese Intermediate_Japanese_Ln.5 JLPT JLPT_5 JLPT_N5,mp0X0~7Y`^,toshokan
どちら,どちら,which (one) (way); where (polite),Genki Genki_Ln.10 Genki_Ln.19 JLPT JLPT_5 JLPT_N5,pW(ud@AhIx,dochira
どっち,どっち,"which one, which way",Genki Genki_Ln.10 JLPT JLPT_5 JLPT_N5,"PxI,t`JQ.N",dotchi
とても,とても,"very (much), greatly, exceedingly",Genki Genki_Ln.5 Intermediate_Japanese Intermediate_Japanese_Ln.1 JLPT JLPT_3 JLPT_5 JLPT_N5,t]2-1h#)V/,totemo
どなた,どなた,who,JLPT JLPT_5 JLPT_N5,Ll)TbcW$yb,donata
隣,となり,"next to, next door to",Intermediate_Japanese Intermediate_Japanese_Ln.1 JLPT JLPT_5 JLPT_N5,GigT2yQ[2E,tonari
どの,どの,which,JLPT JLPT_5 JLPT_N5,H+g1ci<Mvc,dono
飛ぶ,とぶ,"to fly, to hop",JLPT JLPT_5 JLPT_N5,wLF5gUV](>,tobu
止まる,とまる,to stop; to come to a halt,JLPT JLPT_5 JLPT_N5,Q+OrrzleWd,tomaru
友達,ともだち,friend,Genki Genki_Ln.1 Intermediate_Japanese Intermediate_Japanese_Ln.1 JLPT JLPT_5 JLPT_N5,E)w$/p&I#O,tomodachi
土曜日,どようび,Saturday,Genki Genki_Ln.3 JLPT JLPT_3 JLPT_5 JLPT_N5,Q%+.*M.E9m,doyoubi
鳥,とり,"chicken (lit., bird)",Intermediate_Japanese Intermediate_Japanese_Ln.6 JLPT JLPT_5 JLPT_N5,lc>;F##&%m,tori
鶏肉,とりにく,chicken meat,JLPT JLPT_5 JLPT_N5,dL<c9&FvJF,toriniku
取る,とる,to take (a class); to get (a grade),Genki Genki_Ln.11 Intermediate_Japanese Intermediate_Japanese_Ln.1 JLPT JLPT_5 JLPT_N5,bLpD3ABv2g,toru
撮る,とる,"to take (a photo), to make (a film)",JLPT JLPT_5 JLPT_N5,w7O/i=vkEI,toru
どれ,どれ,which one,Genki Genki_Ln.2 JLPT JLPT_3 JLPT_5 JLPT_N5,icGG-;4x}M,dore
どんな,どんな,"what, what kind of",JLPT JLPT_3 JLPT_5 JLPT_N5,PZ~[>!hd8m,donna
ない,ない,"there isn't, doesn't have",JLPT JLPT_5 JLPT_N5,I08@<2+DPk,nai
ナイフ,ナイフ,knife,JLPT JLPT_5 JLPT_N5,domhg)5M&Q,naifu
中,なか,"inside, middle, among",JLPT JLPT_3 JLPT_5 JLPT_N5,rVjcK=lE15,naka
長い,ながい,"long, lengthy",Genki Genki_Ln.7 Intermediate_Japanese Intermediate_Japanese_Ln.4 JLPT JLPT_2 JLPT_5 JLPT_N5,EHO`14{d-(,nagai
鳴く,なく,to make sound (animal),JLPT JLPT_5 JLPT_N5,"ivpv*G,Zm%",naku
無くす,なくす,to lose something,JLPT JLPT_3 JLPT_5 JLPT_N5,dteDI+R~`W,nakusu
なぜ,なぜ,why (same as どうして),Genki Genki_Ln.19 JLPT JLPT_5 JLPT_N5,Cvs*YiG5BD,naze
夏,なつ,summer,Genki Genki_Ln.8 Intermediate_Japanese Intermediate_Japanese_Ln.4 JLPT JLPT_5 JLPT_N5,"P,[b8Eh|6R",natsu
夏休み,なつやすみ,summer vacation,JLPT JLPT_5 JLPT_N5,D=cA)b0@~(,natsuyasumi
～など,～など,et cetera,JLPT JLPT_3 JLPT_5 JLPT_N5,"e(]O3py,;2",~nado
七つ,ななつ,seven things,Genki Genki_Ln.9 JLPT JLPT_3 JLPT_5 JLPT_N5,G25u:w`9Xu,nanatsu
何,なん; なに,what,Genki Genki_Ln.1 JLPT JLPT_3 JLPT_5 JLPT_N5,g<hW@mElnM,nan; nani
七日,なのか,seven days; seventh day (of the month),Genki Genki_Ln.13 JLPT JLPT_5 JLPT_N5,I|+G2AT>J],nanoka
名前,なまえ,name,Genki Genki_Ln.1 JLPT JLPT_5 JLPT_N5,e6o_CEx8)b,namae
習う,ならう,to learn,Genki Genki_Ln.11 JLPT JLPT_5 JLPT_N5,iV+xor)WZT,narau
並ぶ,ならぶ,"to line up, to stand in a line (v.i.)",Intermediate_Japanese Intermediate_Japanese_Ln.7 JLPT JLPT_5 JLPT_N5,nIHPO#>_}+,narabu
並べる,ならべる,to put (things) side by side; to line up,Intermediate_Japanese Intermediate_Japanese_Ln.15 JLPT JLPT_5 JLPT_N5,n!B94UfoT6,naraberu
なる,なる,to become,Genki Genki_Ln.10 JLPT JLPT_3 JLPT_5 JLPT_N5,ukKTUxR2lk,naru
何～,なん～,what sort of ~,JLPT JLPT_5 JLPT_N5,C!@pB0L*^>,nan~
二,に,two,JLPT JLPT_5 JLPT_N5,uzD!:&B)8|,ni
にぎやか,にぎやか,"bustling, busy",JLPT JLPT_5 JLPT_N5,cIb<bg#^)L,nigiyaka
肉,にく,meat,Genki Genki_Ln.2 JLPT JLPT_5 JLPT_N5,Go(gh2eIxK,niku
西,にし,west,JLPT JLPT_5 JLPT_N5,D!YA^58RBg,nishi
～日,～にち,"~ day of the month, for ~ days",JLPT JLPT_5 JLPT_N5,DbJ@Azg05L,~nichi
日曜日,にちようび,Sunday,Genki Genki_Ln.3 JLPT JLPT_3 JLPT_5 JLPT_N5,XSi31p{-G,nichiyoubi
荷物,にもつ,luggage; baggage,Genki Genki_Ln.6 Intermediate_Japanese Intermediate_Japanese_Ln.6 JLPT JLPT_5 JLPT_N5,MH72iI!<]q,nimotsu
ニュース,ニュース,news,Genki Genki_Ln.17 JLPT JLPT_5 JLPT_N5,"iHtE.]1*,&",nyuusu
庭,にわ,garden,Genki Genki_Ln.15 JLPT JLPT_5 JLPT_N5,f&>q3YTU?H,niwa
～人,～にん,counter for people,JLPT JLPT_5 JLPT_N5,FNnJ8yNPin,~nin
脱ぐ,ぬぐ,to take off (clothes),Genki Genki_Ln.17 JLPT JLPT_5 JLPT_N5,cM_g)oAQIs,nugu
温い,ぬるい,lukewarm,JLPT JLPT_3 JLPT_5 JLPT_N5,"gfQAF/k(q,",nurui
ネクタイ,ネクタイ,"tie, necktie",Genki Genki_Ln.14 JLPT JLPT_5 JLPT_N5,AQO{m&veen,nekutai
猫,ねこ,cat,Genki Genki_Ln.4 JLPT JLPT_5 JLPT_N5,x^.ijbc4Mz,neko
寝る,ねる,to sleep; to go to sleep; to go to bed,Genki Genki_Ln.3 Intermediate_Japanese Intermediate_Japanese_Ln.2 JLPT JLPT_5 JLPT_N5,PAI>}YTMT!,neru
～年,～ねん,~ years,JLPT JLPT_5 JLPT_N5,"gYAXz}z6O,",~nen
ノート,ノート,notebook,Genki Genki_Ln.2 JLPT JLPT_5 JLPT_N5,Go~p$PSFcm,nooto
登る,のぼる,to climb,JLPT JLPT_3 JLPT_5 JLPT_N5,unM=ha?S3d,noboru
飲み物,のみもの,"drink, beverage",Genki Genki_Ln.5 JLPT JLPT_5 JLPT_N5,"k?X,84{EZ8",nomimono
飲む,のむ,to drink,JLPT JLPT_5 JLPT_N5,C;cf;f4#r6,nomu
乗る,のる,"to get on, to ride in, to board",JLPT JLPT_3 JLPT_5 JLPT_N5,J~ykS_Bo0m,noru
歯,は,tooth,Genki Genki_Ln.12 Intermediate_Japanese Intermediate_Japanese_Ln.12 JLPT JLPT_5 JLPT_N5,J1;2F+tdr`,ha
パーティー,パーティー,a party,Genki Genki_Ln.8 JLPT JLPT_5 JLPT_N5,O}o_r|!syk,paateii
はい,はい,yes,Genki Genki_Ln.1 JLPT JLPT_3 JLPT_5 JLPT_N5,Q.;:Q&Nmh},hai
～杯,～はい,counter for cupfuls,JLPT JLPT_5 JLPT_N5,JTOz#Az0jW,~hai
灰皿,はいざら,ashtray,JLPT JLPT_5 JLPT_N5,mAdBNp<Jp$,haizara
入る,はいる,"to enter, to contain, to hold",JLPT JLPT_5 JLPT_N5,zZFQIc).TB,hairu
葉書,はがき,postcard,Genki Genki_Ln.5 JLPT JLPT_5 JLPT_N5,jer83m7P=.,hagaki
はく,はく,to put on (items below your waist),Genki Genki_Ln.7 JLPT JLPT_3 JLPT_5 JLPT_N5,oRjJ`o{id),haku
箱,はこ,box,JLPT JLPT_5 JLPT_N5,D@BX&%Fydt,hako
橋,はし,bridge,JLPT JLPT_3 JLPT_5 JLPT_N5,gMcz>SvPjQ,hashi
箸,はし,chopsticks,Genki Genki_Ln.8 JLPT JLPT_3 JLPT_5 JLPT_N5,vlWz[4OAnE,hashi
始まる,はじまる,(something) begins,Genki Genki_Ln.9 JLPT JLPT_5 JLPT_N5,g7#i$_:K%6,hajimaru
初め; 始め,はじめ,"beginning, start",JLPT JLPT_3 JLPT_5 JLPT_N5,Po{k$4o=i},hajime
初めて,はじめて,for the first time,Genki Genki_Ln.12 Intermediate_Japanese Intermediate_Japanese_Ln.1 JLPT JLPT_5 JLPT_N5,FM~Al0*F*3,hajimete
走る,はしる,to run,Genki Genki_Ln.22 Intermediate_Japanese Intermediate_Japanese_Ln.10 JLPT JLPT_5 JLPT_N5,"B)($ycG+,c",hashiru
バス,バス,bus; bath; bass,Genki Genki_Ln.5 Intermediate_Japanese Intermediate_Japanese_Ln.10 JLPT JLPT_1 JLPT_5 JLPT_N5,nF2zK|?mh~,basu
バター,バター,butter,JLPT JLPT_5 JLPT_N5,bep_D~c3Ed,bataa
二十歳,はたち,20 years old,JLPT JLPT_3 JLPT_5 JLPT_N5,"s,}HT(8Tzb",hatachi
働く,はたらく,to work,Genki Genki_Ln.11 Intermediate_Japanese Intermediate_Japanese_Ln.9 JLPT JLPT_5 JLPT_N5,fCkP4x.Nco,hataraku
八,はち,eight,JLPT JLPT_5 JLPT_N5,maEI.lHT3>,hachi
二十日,はつか,"twenty days, twentieth (day of the month)",JLPT JLPT_5 JLPT_N5,mmn=3%}>}J,hatsuka
花,はな,flower,JLPT JLPT_5 JLPT_N5,js_smr~4Ak,hana
鼻,はな,nose,JLPT JLPT_5 JLPT_N5,"Ft8Z7qnLG,",hana
話,はなし,"talk (chat), story",Genki Genki_Ln.19 JLPT JLPT_5 JLPT_N5,A(<B}*ZSa_,hanashi
話す,はなす,to speak,JLPT JLPT_3 JLPT_5 JLPT_N5,d]>`2&`x#1,hanasu
母,はは,(my) mother,Genki Genki_Ln.14 JLPT JLPT_5 JLPT_N5,I?S_Xs1PT;,haha
早い,はやい,early,Genki Genki_Ln.3 JLPT JLPT_5 JLPT_N5,J6yYVxGFN*,hayai
速い,はやい,"fast, quick",Genki Genki_Ln.7 Intermediate_Japanese Intermediate_Japanese_Ln.4 JLPT JLPT_5 JLPT_N5,pfU@DZ;h3^,hayai
春,はる,spring,Genki Genki_Ln.10 Intermediate_Japanese Intermediate_Japanese_Ln.4 JLPT JLPT_3 JLPT_5 JLPT_N5,mlEwn=b[H<,haru
貼る,はる,to post; to paste; to attach,Genki Genki_Ln.21 Intermediate_Japanese Intermediate_Japanese_Ln.3 JLPT JLPT_3 JLPT_5 JLPT_N5,zI5j%aDV0.,haru
晴れ,はれ,clear (sunny) weather,Genki Genki_Ln.12 JLPT JLPT_5 JLPT_N5,nBD2D7_?kw,hare
晴れる,はれる,to be sunny,Genki Genki_Ln.19 JLPT JLPT_5 JLPT_N5,ATM=j&::X;,hareru
半,はん,"half (e.g., にじはん | half-past two)",Genki Genki_Ln.1 JLPT JLPT_3 JLPT_5 JLPT_N5,s%lRHov]`n,han
晩,ばん,evening,JLPT JLPT_3 JLPT_5 JLPT_N5,hO?dVEN`5B,ban
～番,～ばん,~st; ~th best,JLPT JLPT_5 JLPT_N5,b/wgPDiVBg,~ban
パン,パン,bread,Genki Genki_Ln.4 JLPT JLPT_5 JLPT_N5,FI2Z[9I*9Q,pan
ハンカチ,ハンカチ,handkerchief,JLPT JLPT_5 JLPT_N5,yU4LCXkUnv,hankachi
番号,ばんごう,"number, series of digits",Genki Genki_Ln.1 JLPT JLPT_5 JLPT_N5,c^xE))av$-,bangou
晩御飯,ばんごはん,"dinner, evening meal",Genki Genki_Ln.3 JLPT JLPT_5 JLPT_N5,HihAr>C::*,bangohan
半分,はんぶん,half,JLPT JLPT_5 JLPT_N5,DN!/&cg9bL,hanbun
東,ひがし,east,JLPT JLPT_5 JLPT_N5,"pI3YEa2,3t",higashi
～匹,～ひき,counter for small animals,JLPT JLPT_5 JLPT_N5,ivmKu+!yZ},~hiki
引く,ひく,"to pull, to draw; subtract",JLPT JLPT_2 JLPT_3 JLPT_5 JLPT_N5,tVVM)ZI7wM,hiku
弾く,ひく,to play (a string instrument or piano),Genki Genki_Ln.9 JLPT JLPT_3 JLPT_5 JLPT_N5,HK}b0#P-HS,hiku
低い,ひくい,"short, low",JLPT JLPT_5 JLPT_N5,BBr{:lP!;x,hikui
飛行機,ひこうき,airplane,Genki Genki_Ln.5 Intermediate_Japanese Intermediate_Japanese_Ln.1 JLPT JLPT_5 JLPT_N5,OUQ4o:]Va=,hikouki
左,ひだり,left hand side,JLPT JLPT_5 JLPT_N5,h_@t6d`1:*,hidari
人,ひと,"man, person",Genki Genki_Ln.4 JLPT JLPT_5 JLPT_N5,ya&#4:D}>{,hito
一つ,ひとつ,one thing,Genki Genki_Ln.9 JLPT JLPT_5 JLPT_N5,lMwiFE;gTW,hitotsu
一月,ひとつき,one month,JLPT JLPT_5 JLPT_N5,JU.k{Nz*{h,hitotsuki
一人,ひとり,one person,Genki Genki_Ln.7 JLPT JLPT_3 JLPT_5 JLPT_N5,rOUMQ8LZ5<,hitori
暇,ひま,"free time, leisure",JLPT JLPT_5 JLPT_N5,urDxNZnrq<,hima
百,ひゃく,hundred,JLPT JLPT_5 JLPT_N5,J;(UasY_=O,hyaku
病院,びょういん,hospital,Genki Genki_Ln.4 JLPT JLPT_5 JLPT_N5,<+#t;D=L-,byouin
病気,びょうき,illness; sickness,Genki Genki_Ln.9 Intermediate_Japanese Intermediate_Japanese_Ln.2 JLPT JLPT_5 JLPT_N5,Ibs3I0!xB|,byouki
平仮名,ひらがな,hiragana,JLPT JLPT_5 JLPT_N5,k}y1F@5e8u,hiragana
昼,ひる,"noon, daytime",JLPT JLPT_5 JLPT_N5,i8$:v@D8x1,hiru
昼御飯,ひるごはん,"lunch, midday meal",Genki Genki_Ln.3 JLPT JLPT_5 JLPT_N5,JGK7M1P.PA,hirugohan
広い,ひろい,spacious; wide; broad,Genki Genki_Ln.15 Intermediate_Japanese Intermediate_Japanese_Ln.15 JLPT JLPT_5 JLPT_N5,nThxsh#3~a,hiroi
フィルム,フィルム,film (roll of),JLPT JLPT_5 JLPT_N5,w#JO*~D@<H,firumu
封筒,ふうとう,envelope,Intermediate_Japanese Intermediate_Japanese_Ln.3 JLPT JLPT_5 JLPT_N5,JaXU6BSc-h,fuutou
プール,プール,swimming pool,Genki Genki_Ln.15 JLPT JLPT_5 JLPT_N5,J.!iKtAY)1,puuru
フォーク,フォーク,fork,JLPT JLPT_5 JLPT_N5,Q#>HBX67;#,fooku
吹く,ふく,"to blow (wind, etc.)",Genki Genki_Ln.22 JLPT JLPT_3 JLPT_5 JLPT_N5,mo@qiT7%d3,fuku
服,ふく,clothes,Genki Genki_Ln.12 JLPT JLPT_3 JLPT_5 JLPT_N5,G;N&<jI3Ep,fuku
二つ,ふたつ,two things,Genki Genki_Ln.9 JLPT JLPT_5 JLPT_N5,A@M*oG}Fjm,futatsu
豚肉,ぶたにく,pork,JLPT JLPT_5 JLPT_N5,N1fM*9;kPY,butaniku
二人,ふたり,two people,Genki Genki_Ln.7 JLPT JLPT_5 JLPT_N5,yRF#3ntAGH,futari
二日,ふつか,two days; second day of the month,Genki Genki_Ln.13 JLPT JLPT_5 JLPT_N5,dRYcz7jSL;,futsuka
太い,ふとい,"fat, thick",JLPT JLPT_5 JLPT_N5,LD`2@7dG9a,futoi
冬,ふゆ,winter,Genki Genki_Ln.8 Intermediate_Japanese Intermediate_Japanese_Ln.4 JLPT JLPT_5 JLPT_N5,reZ;<Y^{LL,fuyu
降る,ふる,"to precipitate, to fall (e.g., rain, snow, etc.)",Intermediate_Japanese Intermediate_Japanese_Ln.2 JLPT JLPT_3 JLPT_5 JLPT_N5,q(<}4NV?U@,furu
古い,ふるい,"old (in reference to objects, not people), aged, ancient",Genki Genki_Ln.5 JLPT JLPT_5 JLPT_N5,gH<g@fkLje,furui
～分,～ふん,~ minutes,JLPT JLPT_5 JLPT_N5,chUnU+#xr],~fun
文章,ぶんしょう,"sentence, text",JLPT JLPT_5 JLPT_N5,F&}@z14/*V,bunshou
ページ,ページ,a page,Genki Genki_Ln.6 JLPT JLPT_5 JLPT_N5,jR*]a[JBx$,peeji
下手,へた,"unskillful, poor",JLPT JLPT_5 JLPT_N5,zx]n<UpO/Q,heta
ベッド,ベッド,bed,JLPT JLPT_5 JLPT_N5,mm(#F~5?W7,beddo
ペット,ペット,pet,Genki Genki_Ln.15 JLPT JLPT_3 JLPT_5 JLPT_N5,Gm:f8t8t/V,petto
部屋,へや,a room,Genki Genki_Ln.5 Intermediate_Japanese Intermediate_Japanese_Ln.2 JLPT JLPT_5 JLPT_N5,"cB,rGZ.;c.",heya
辺,へん,"area, vicinity",JLPT JLPT_5 JLPT_N5,"v^uJ@o,r7C",hen
ペン,ペン,pen,Genki Genki_Ln.2 JLPT JLPT_5 JLPT_N5,PpbmxKp]%S,pen
勉強,べんきょう (する),study,JLPT JLPT_3 JLPT_5 JLPT_N5,P|N-mC4itp,benkyou (suru)
便利,べんり,"convenient, handy",JLPT JLPT_5 JLPT_N5,NSM1sxi#q3,benri
帽子,ぼうし,hat; cap,Genki Genki_Ln.2 JLPT JLPT_5 JLPT_N5,whud$h6Xsa,boushi
ボールペン,ボールペン,ball-point pen,JLPT JLPT_5 JLPT_N5,A1a57pRAi*,boorupen
外 (other),ほか,"other, the rest",JLPT JLPT_3 JLPT_5 JLPT_N5,q-Rsw+YG/*,hoka
ポケット,ポケット,pocket,JLPT JLPT_5 JLPT_N5,PrdL>hhb^[,poketto
欲しい,ほしい,"to want, in need of",JLPT JLPT_5 JLPT_N5,"IB/)D,[pe$",hoshii
ポスト,ポスト,"mailbox; post, position",JLPT JLPT_5 JLPT_N5,CSDW$^FNBN,posuto
細い,ほそい,"thin, slender, fine",JLPT JLPT_5 JLPT_N5,zm=f9J*i)W,hosoi
ボタン,ボタン,button,JLPT JLPT_5 JLPT_N5,o=Cnvf:%>b,botan
ホテル,ホテル,hotel,Genki Genki_Ln.4 JLPT JLPT_5 JLPT_N5,n#S=W;:k;`,hoteru
本,ほん,book,Genki Genki_Ln.2 JLPT JLPT_5 JLPT_N5,PgM`&0<&bX,hon
～本,～ほん,counter for long cylindrical things,JLPT JLPT_2 JLPT_5 JLPT_N5,Aln2n5Y6m$,~hon
本棚,ほんだな,bookshelf,JLPT JLPT_5 JLPT_N5,LlS7xyP)^9,hondana
本当,ほんとう,"real, true",JLPT JLPT_3 JLPT_5 JLPT_N5,mp{CGAM3}E,hontou
～枚,～まい,counter for flat things,JLPT JLPT_5 JLPT_N5,eZ7Lx)q}m,~mai
毎朝,まいあさ,every morning,Genki Genki_Ln.19 JLPT JLPT_5 JLPT_N5,FY8YY]~jH+,maiasa
毎月,まいげつ; まいつき,"every month, monthly",JLPT JLPT_5 JLPT_N5,x6m6aNH)Wj,maigetsu; maitsuki
毎週,まいしゅう,every week,Genki Genki_Ln.8 JLPT JLPT_5 JLPT_N5,Lp7~a9~`1G,maishuu
毎日,まいにち,every day,Genki Genki_Ln.3 JLPT JLPT_5 JLPT_N5,"b}uYG),?~1",mainichi
毎年,まいねん; まいとし,"every year, yearly, annually",JLPT JLPT_5 JLPT_N5,cLTCt({=p{,mainen; maitoshi
毎晩,まいばん,every night,Genki Genki_Ln.3 JLPT JLPT_5 JLPT_N5,s&rZqJP=be,maiban
前,まえ,"before, in front",Genki Genki_Ln.17 JLPT JLPT_5 JLPT_N5,AcNx(A=]3O,mae
～前,～まえ,in front of ~,JLPT JLPT_5 JLPT_N5,Jh#_2I1KK<,~mae
曲る,まがる,"to turn, to bend",JLPT JLPT_3 JLPT_5 JLPT_N5,fZb*Dqk8+n,magaru
まずい,まずい,"terrible (in reference to food), unappetizing, unpleasant (taste)",Genki Genki_Ln.23 JLPT JLPT_5 JLPT_N5,y=A8n$:VZF,mazui
また,また,and; furthermore,Genki Genki_Ln.20 Intermediate_Japanese Intermediate_Japanese_Ln.5 JLPT JLPT_3 JLPT_5 JLPT_N5,H#sUyG^B<2,mata
まだ,まだ,"yet, still, besides",Genki Genki_Ln.19 JLPT JLPT_3 JLPT_5 JLPT_N5,xr/3DB/ghC,mada
町,まち,town; city,Genki Genki_Ln.4 Intermediate_Japanese Intermediate_Japanese_Ln.1 JLPT JLPT_3 JLPT_5 JLPT_N5,xztbV5AMZZ,machi
待つ,まつ,to wait,JLPT JLPT_3 JLPT_5 JLPT_N5,N6<)T3m*1$,matsu
まっすぐ,まっすぐ,"straight (ahead), direct",JLPT JLPT_3 JLPT_5 JLPT_N5,o(%GCd@4cN,massugu
マッチ,マッチ,match,JLPT JLPT_5 JLPT_N5,r{cxPi6M{l,matchi
窓,まど,window,Genki Genki_Ln.6 JLPT JLPT_5 JLPT_N5,dZZ^@1iCkq,mado
丸い; 円い,まるい,"round, circular",JLPT JLPT_3 JLPT_5 JLPT_N5,kXV&n*v-w~,marui
万,まん,ten thousand,JLPT JLPT_5 JLPT_N5,k%8Ts^<^Df,man
万年筆,まんねんひつ,fountain pen,JLPT JLPT_5 JLPT_N5,pjtI#>[G;I,mannenhitsu
磨く,みがく,to brush (teeth); to polish,Genki Genki_Ln.13 JLPT JLPT_5 JLPT_N5,f*XbBCL&y-,migaku
右,みぎ,right hand side,JLPT JLPT_5 JLPT_N5,Dx]?1r0B)6,migi
短い,みじかい,short (length),Genki Genki_Ln.7 Intermediate_Japanese Intermediate_Japanese_Ln.11 JLPT JLPT_5 JLPT_N5,CoDv|eMw1>,mijikai
水,みず,water,Genki Genki_Ln.3 JLPT JLPT_5 JLPT_N5,Psad>Q=[fe,mizu
店,みせ,"store, shop",Genki Genki_Ln.13 Intermediate_Japanese Intermediate_Japanese_Ln.6 JLPT JLPT_5 JLPT_N5,w{yPQLxrpZ,mise
見せる,みせる,"to show, to display",Genki Genki_Ln.16 JLPT JLPT_5 JLPT_N5,u/XQDC4A&:,miseru
道,みち,"road, street; way, directions",Genki Genki_Ln.16 JLPT JLPT_5 JLPT_N5,g*1iadY2;L,michi
三日,みっか,"three days, third day of the month",Genki Genki_Ln.13 JLPT JLPT_5 JLPT_N5,"BQ,4DuKr8>",mikka
三つ,みっつ,three things,Genki Genki_Ln.9 JLPT JLPT_5 JLPT_N5,E%f95v%koQ,mittsu
緑,みどり,green,JLPT JLPT_5 JLPT_N5,d@$Uu~dQl-,midori
皆さん,みなさん,"all of you, everyone",Intermediate_Japanese Intermediate_Japanese_Ln.4 JLPT JLPT_5 JLPT_N5,xUxg44IBk/,minasan
南,みなみ,South,Intermediate_Japanese Intermediate_Japanese_Ln.10 JLPT JLPT_5 JLPT_N5,tmB.Hd2Sk_,minami
耳,みみ,ear,Intermediate_Japanese Intermediate_Japanese_Ln.5 JLPT JLPT_5 JLPT_N5,c2VG#0omOo,mimi
見る,みる,"to see, to look",JLPT JLPT_3 JLPT_5 JLPT_N5,LJ*9Zy3g--,miru
みんな,みんな,"all, everyone, everybody",Genki Genki_Ln.9 JLPT JLPT_3 JLPT_5 JLPT_N5,NO(9_g@4E),minna
六日,むいか,six days; sixth day of month,Genki Genki_Ln.13 JLPT JLPT_5 JLPT_N5,cT@R(=%:PY,muika
向こう,むこう,"beyond, over there",JLPT JLPT_5 JLPT_N5,mQG@k1[%|C,mukou
難しい,むずかしい,difficult,Genki Genki_Ln.5 Intermediate_Japanese Intermediate_Japanese_Ln.2 JLPT JLPT_5 JLPT_N5,cp|.gBg]*Y,muzukashii
六つ,むっつ,six things,Genki Genki_Ln.9 JLPT JLPT_5 JLPT_N5,",[k`qyR3)",muttsu
村,むら,village,Intermediate_Japanese Intermediate_Japanese_Ln.10 JLPT JLPT_5 JLPT_N5,INP.Ccu#He,mura
目,め,eye(s),Genki Genki_Ln.7 JLPT JLPT_3 JLPT_5 JLPT_N5,dhfW}%pIM+,me
メートル,メートル,meter,JLPT JLPT_5 JLPT_N5,BPMIO$2k{i,meetoru
眼鏡,めがね,eye glasses,Genki Genki_Ln.7 JLPT JLPT_5 JLPT_N5,OGc^3PJcd3,megane
もう,もう,already; again; more,Genki Genki_Ln.9 JLPT JLPT_2 JLPT_5 JLPT_N5,C9[8>(KXKL,mou
木曜日,もくようび,Thursday,Genki Genki_Ln.4 JLPT JLPT_3 JLPT_5 JLPT_N5,k#-z20ZxXI,mokuyoubi
もしもし,もしもし,Hello? (used on the phone),Genki Genki_Ln.4 JLPT JLPT_5 JLPT_N5,nnhl#WnLYa,moshimoshi
持つ,もつ,"to hold, to carry; to possess",JLPT JLPT_5 JLPT_N5,A&O@O/^cS;,motsu
もっと,もっと,more,Genki Genki_Ln.11 JLPT JLPT_3 JLPT_5 JLPT_N5,OqdI=b3^K`,motto
物,もの,thing (concrete object),Genki Genki_Ln.12 JLPT JLPT_3 JLPT_5 JLPT_N5,"z6=4|ALO,V",mono
門,もん,gate,JLPT JLPT_5 JLPT_N5,H&[yCKRvgq,mon
問題,もんだい,a problem,Intermediate_Japanese Intermediate_Japanese_Ln.11 JLPT JLPT_5 JLPT_N5,Eh6&Bnk+Z%,mondai
～屋,～や,~ shop,JLPT_N5,ht#2@^87+],~ya
八百屋,やおや,greengrocer,JLPT JLPT_5 JLPT_N5,C[.TX0anRy,yaoya
野菜,やさい,vegetable,Genki Genki_Ln.2 JLPT JLPT_5 JLPT_N5,qVg2VfFKQ;,yasai
易しい,やさしい,"easy, plain, simple",JLPT JLPT_5 JLPT_N5,O&W|&R47Dm,yasashii
安い,やすい,inexpensive; cheap (things),Genki Genki_Ln.5 JLPT JLPT_5 JLPT_N5,ie=X%ZqpqO,yasui
休み,やすみ,holiday; day off; absence,Genki Genki_Ln.5 JLPT JLPT_5 JLPT_N5,J*/c5_R!J=,yasumi
休む,やすむ,"to rest, to have a break, to get time off",JLPT JLPT_5 JLPT_N5,i~a&f>8]D[,yasumu
八つ,やっつ,eight things,Genki Genki_Ln.9 JLPT JLPT_5 JLPT_N5,F=`<QfuMn*,yattsu
山,やま,mountain,Genki Genki_Ln.11 JLPT JLPT_5 JLPT_N5,FM#``XMUDZ,yama
やる,やる,"to do; to give (to pets, parents, siblings, etc.)",Genki Genki_Ln.21 JLPT JLPT_4 JLPT_5 JLPT_N5,"ee,Y5GOGX?",yaru
夕方,ゆうがた,"late afternoon (typically just before dinner time), evening",Genki Genki_Ln.18 Intermediate_Japanese Intermediate_Japanese_Ln.10 JLPT JLPT_5 JLPT_N5,wr(&N+9Gfn,yuugata
夕飯,ゆうはん,"dinner, supper, evening meal",JLPT JLPT_4 JLPT_5 JLPT_N5,x@-+;z#Bdx,yuuhan
郵便局,ゆうびんきょく,post office,Genki Genki_Ln.2 JLPT JLPT_5 JLPT_N5,E9^vm]j#7*,yuubinkyoku
昨夜,ゆうべ,last night,JLPT JLPT_3 JLPT_5 JLPT_N5,h5wsUbx`&$,yuube
有名,ゆうめい,famous,JLPT JLPT_5 JLPT_N5,cV2lu-%dm7,yuumei
雪,ゆき,snow,Genki Genki_Ln.12 JLPT JLPT_3 JLPT_5 JLPT_N5,jr0utv~KvB,yuki
ゆっくりと,ゆっくりと,"slowly, at ease",JLPT JLPT_5 JLPT_N5,w_ef65R9#},yukkurito
八日,ようか,eight days; eighth day of the month,Genki Genki_Ln.13 JLPT JLPT_5 JLPT_N5,Fd}WQ7nZj^,youka
洋服,ようふく,Western-style clothes,JLPT JLPT_5 JLPT_N5,uv*)pIfBA|,youfuku
よく,よく,"frequently, often (much); well, skillfully",Genki Genki_Ln.14 Genki_Ln.3 JLPT JLPT_5 JLPT_N5,Fz[l>+!/Hl,yoku
横,よこ,beside; side; width,Intermediate_Japanese Intermediate_Japanese_Ln.11 JLPT JLPT_5 JLPT_N5,C?K**~xaVS,yoko
四日,よっか,four days; fourth day of the month,Genki Genki_Ln.13 JLPT JLPT_5 JLPT_N5,s(2D4IDk2],yokka
四つ,よっつ,four things,Genki Genki_Ln.9 JLPT JLPT_2 JLPT_5 JLPT_N5,BL9b_E4!L$,yottsu
呼ぶ,よぶ,to call (one's name); to invite,Genki Genki_Ln.19 JLPT JLPT_3 JLPT_5 JLPT_N5,zV4mur-%tO,yobu
読む,よむ,to read,JLPT JLPT_5 JLPT_N5,G8F?CvYLz|,yomu
夜,よる,"evening, night",Genki Genki_Ln.6 JLPT JLPT_3 JLPT_5 JLPT_N5,lj*phUSR[b,yoru
弱い,よわい,weak,JLPT JLPT_5 JLPT_N5,x)3Ur1<az7,yowai
来月,らいげつ,next month,Genki Genki_Ln.8 JLPT JLPT_5 JLPT_N5,O/Q*jP:8c|,raigetsu
来週,らいしゅう,next week,Genki Genki_Ln.6 JLPT JLPT_5 JLPT_N5,h}c~#8X!n;,raishuu
来年,らいねん,next year,Genki Genki_Ln.6 JLPT JLPT_5 JLPT_N5,"mvNiHK,T4b",rainen
ラジオ,ラジオ,radio,Genki Genki_Ln.14 JLPT JLPT_5 JLPT_N5,wyqA~/nA@+,rajio
ラジオカセ,ラジオカセ,radio cassette player,JLPT JLPT_5 JLPT_N5,"eBPF6I+,&0",rajiokase
りっぱ,りっぱ,"splendid, fine",JLPT JLPT_3 JLPT_5 JLPT_N5,J%`%&)W1.O,rippa
留学生,りゅうがくせい,international student,Genki Genki_Ln.1 JLPT JLPT_5 JLPT_N5,n89-KYTMQf,ryuugakusei
両親,りょうしん,"parents (lit., both parents)",Genki Genki_Ln.14 Intermediate_Japanese Intermediate_Japanese_Ln.1 JLPT JLPT_5 JLPT_N5,L.[<hVhM?f,ryoushin
料理,りょうり,cooking; cuisine,Intermediate_Japanese Intermediate_Japanese_Ln.4 JLPT JLPT_5 JLPT_N5,G!~TK}MKdj,ryouri
旅行,りょこう,"travel, trip",Genki Genki_Ln.5 JLPT JLPT_5 JLPT_N5,KmCEi1#qL@,ryokou
零,れい,"zero, nought",JLPT JLPT_3 JLPT_5 JLPT_N5,rc1t]Q^qI(,rei
冷蔵庫,れいぞうこ,refrigerator,Genki Genki_Ln.18 JLPT JLPT_5 JLPT_N5,j*=Z=Hk4*w,reizouko
レコード,レコード,record,JLPT JLPT_5 JLPT_N5,xn:3qV.c32,rekoodo
レストラン,レストラン,restaurant,Genki Genki_Ln.4 JLPT JLPT_5 JLPT_N5,s3y4P[QtRd,resutoran
練習,れんしゅう (する),(to) practice,JLPT JLPT_5 JLPT_N5,KaUYN0c91a,renshuu (suru)
廊下,ろうか,corridor,JLPT JLPT_5 JLPT_N5,AsH$#BLZ{M,rouka
六,ろく,six,JLPT JLPT_5 JLPT_N5,w>WY?cJ:VM,roku
ワイシャツ,ワイシャツ,"shirt (lit: white shirt), business shirt",JLPT JLPT_5 JLPT_N5,x|nJIKNm*T,waishatsu
若い,わかい,young,Genki Genki_Ln.9 Intermediate_Japanese Intermediate_Japanese_Ln.1 JLPT JLPT_5 JLPT_N5,xN9[eu+8aY,wakai
分かる,わかる,to understand,JLPT JLPT_5 JLPT_N5,vF3#$3|-lu,wakaru
忘れる,わすれる,to forget,Intermediate_Japanese Intermediate_Japanese_Ln.3 JLPT JLPT_5 JLPT_N5,HW)xrzU[Z4,wasureru
私,わたし,"I, myself",Genki Genki_Ln.1 JLPT JLPT_5 JLPT_N5,I+Y7lySy.4,watashi
私 (formal),わたくし,"I (formal), myself, private affairs",Genki Genki_Ln.13 JLPT JLPT_2 JLPT_5 JLPT_N5,m!I5:hHt<W,watakushi
渡す,わたす,to hand (something) over (v.t.); to get across,Intermediate_Japanese Intermediate_Japanese_Ln.6 JLPT JLPT_5 JLPT_N5,KvDHRUZ*r&,watasu
渡る,わたる,"to cross over, to go across",JLPT JLPT_5 JLPT_N5,z9kLvI4/{d,wataru
悪い,わるい,"bad, sinful; inferior",Genki Genki_Ln.12 Intermediate_Japanese Intermediate_Japanese_Ln.3 JLPT JLPT_5 JLPT_N5,rxV$$v%QZ;,warui
